countrycode,Country,1998,1999,2000,2001,2002,2003,2004,2005,2006,2007,2008,2009,2010,2011,2012,2013,2014,2015,2016,2017,2018,2019,Country ID
AGO,Angola,-1.668504553,-2.043068715,-2.087138446,-2.180977523,-2.021029229,-1.97082557,-1.723993607,-1.445416939,-1.449230387,-1.412074526,-1.601674302,-1.589897052,-1.658773552,-1.722837833,-1.80302579,-1.681064042,-1.726641073,-1.499907217,-1.286406783,-1.410296645,-1.3471794,-1.433956236,afago
BDI,Burundi,-0.688654845,-0.511548854,-0.586895918,-0.663476515,0.243100213,-0.010523232,-0.194338287,-0.596237019,0.041571735,0.047659195,-0.017141134,-0.202112748,-0.292339117,-0.402430932,-0.309615919,-0.319189462,-0.110682838,-0.187965893,-0.465612264,-0.81600499,-0.862054399,-0.644410238,afbdi
BEN,Benin,-0.527657264,-0.601041365,-0.503967225,-0.42386484,-0.397507886,-0.642139763,-0.949283857,-1.180317257,-1.01589367,-0.828072542,-0.956680659,-0.775052384,-0.880279264,-0.937902821,-1.05824939,-0.956344433,-0.535507012,-0.382453054,-0.45252956,-0.470964194,-0.638806644,-0.542317422,afben
BFA,Burkina Faso,0.071188119,0.064165652,-0.003095439,-0.280083782,-0.159463227,-0.660659035,-0.772600696,-0.9871698,-0.896344184,-0.801928452,-1.131305009,-1.424245699,-1.259510312,-1.410640009,-1.380175607,-1.393820977,-1.008633534,-1.096425467,-1.28657686,-1.502130826,-1.537978534,-1.423444965,afbfa
BWA,Botswana,,,-0.436039987,-0.494900021,-0.757896833,-0.695017549,-0.720163088,-0.799268335,-0.889489218,-0.992804986,-0.66551883,-0.318764479,-0.184003725,-0.144821804,-0.284198908,-0.429017952,-0.341223402,-0.334495573,-0.515960573,-0.429557345,-0.428186817,-0.329787298,afbwa
CAF,Central African Republic,-0.649123548,-0.424721463,-0.79935275,-0.29229015,-0.163237547,-0.377098251,-0.370650935,-0.445867935,-0.440805779,-0.2795524,-0.414589431,-0.592527571,-0.174875347,-0.041864868,-0.115317662,-0.16005365,0.267472171,0.490116913,0.219395607,-0.17612149,-0.221983386,-0.249997356,afcaf
CIV,Cote d'Ivoire,-1.332226763,-1.412198699,-1.016091488,-0.732921986,-0.753386649,-0.768259336,-0.682536355,-0.667093898,-0.751912363,-0.800203359,-0.923699851,-1.07297687,-1.160998201,-1.073531551,-1.100289963,-1.038966136,-0.865504124,-0.807985261,-0.796001838,-0.876271528,-0.90385519,-0.921774918,afciv
CMR,Cameroon,-1.968208651,-1.817287963,-1.904838245,-1.674620708,-1.348732984,-1.161128684,-1.164699063,-1.556767004,-1.685407806,-1.220198754,-1.0140582,-1.005529797,-1.079684706,-0.931731201,-0.967048703,-0.83732117,-0.821604686,-0.767678184,-0.703803741,-0.852182445,-1.104475466,-1.134707495,afcmr
COD,Democratic Republic of the Congo,-1.766446084,-1.770379438,-1.649753677,-1.668920951,-1.514300769,-1.720019432,-1.552554487,-1.564417337,-1.675027518,-1.694632905,-1.299782296,-1.559965198,-1.570680721,-1.020359697,-1.209535198,-1.138732235,-1.556849168,-1.343236338,-1.768778015,-1.742328591,-1.78018876,-1.666381875,afcod
COG,Republic of the Congo,-1.47697496,-1.42071076,-1.857698743,-1.683684693,-1.95423297,-2.05159812,-2.014465429,-1.966319443,-1.898207819,-1.785414474,-1.285217639,-1.396121091,-1.3480751,-1.388560981,-1.231011099,-1.431098118,-1.288310126,-1.294816384,-1.089750874,-0.8892603,-0.932771529,-1.091640735,afcog
DZA,Algeria,-0.615878172,-0.386467486,-0.500415553,-0.284976716,-0.518091583,-0.621927232,-0.844852287,-0.707950628,-0.708520239,-0.552775162,-0.644936774,-0.770368872,-0.674656765,-0.717037995,-1.159875758,-1.196689657,-1.236344927,-0.971747472,-0.965212485,-0.906138483,-0.857495742,-0.920561949,afdza
EGY,Egypt,-0.385883248,-0.383489664,-0.361678579,-0.405498919,-0.411475765,-0.330825911,-0.231478085,-0.155014806,-0.247468001,-0.292805714,-0.193668673,-0.203223308,-0.220694414,-0.301780363,-0.249759788,-0.133551553,-0.058093515,-0.090891892,-0.07803958,0.004092771,0.015235982,0.002519478,afegy
ETH,Ethiopia,-0.3451533,-0.511194362,-0.793698806,-0.490288791,-0.501155738,-0.557509401,-0.943532258,-0.888866173,-1.028573652,-0.753337451,-0.716094168,-0.749033959,-0.805299308,-0.923419329,-1.081305881,-1.039178787,-0.893993999,-0.933184918,-0.951215662,-0.834853394,-0.656146866,-0.716497012,afeth
GAB,Gabon,-1.315676327,-1.200539747,-1.215269223,-1.447577207,-1.672088663,-1.373518108,-1.390807825,-1.731661401,-1.83281507,-1.993206796,-1.72054709,-1.929788594,-1.946758938,-1.73043376,-1.860354502,-1.972044127,-2.005387712,-1.405800313,-1.678672524,-1.646763243,-1.306961253,-1.404962325,afgab
GHA,Ghana,-1.348184038,-1.34505205,-1.520406864,-1.344748965,-1.502538655,-1.317187998,-1.198617072,-1.068053266,-1.294832948,-1.23461885,-1.142317637,-1.301193766,-1.259292666,-1.03141322,-0.929178696,-0.818931274,-0.950150801,-0.852511929,-0.900803266,-0.997158917,-1.193351637,-1.250012022,afgha
GIN,Guinea,-1.780047029,-1.887267918,-1.765408192,-1.487774229,-1.408039063,-1.76580748,-1.505505147,-1.563159467,-1.430320443,-1.638274601,-2.0161343,-2.084180642,-1.919043357,-1.812532821,-1.834155137,-1.646742293,-1.642679658,-1.374475488,-1.673440245,-1.639721524,-1.726732115,-1.675125579,afgin
GMB,Gambia,-0.713162001,-0.788613898,-0.595494233,-0.296146843,0.24755578,0.118069441,0.115496312,0.019458805,0.048280985,-0.229633949,-0.559560303,-0.650191642,-0.46240295,-0.47080904,-0.560493742,-0.482626817,-0.438515362,-0.559494161,-0.612554284,-1.026064968,-1.025700701,-0.758258584,afgmb
GNB,Guinea-Bissau,-1.80062185,-2.100746909,-2.105134234,-1.980567138,-1.022611068,-0.091803463,-0.219540854,-0.528741173,-1.070747022,-0.787115858,-1.626622453,-1.26066459,-1.418044943,-1.274724628,-1.421142161,-1.355420875,-1.692532836,-2.051015863,-1.350530798,-1.591741088,-1.757946322,-2.319399618,afgnb
GNQ,Equatorial Guinea,,,,,,,,,,,,,,,-2.084439064,-2.288477716,-2.474171294,-2.150861704,-2.154537247,-1.969019483,-2.116988432,-2.026265627,afgnq
KEN,Kenya,0.004921907,-0.158531963,-0.198195624,-0.244661097,-0.354530558,-0.475822415,-0.509155782,-0.376199434,-0.364928781,-0.353970422,-0.346896358,-0.406190855,-0.438801269,-0.521873642,-0.461298706,-0.402887213,-0.348676839,-0.399892408,-0.468924244,-0.487781356,-0.386237889,-0.403245218,afken
LBR,Liberia,-1.644040408,-0.99705565,-0.975090324,-0.795800566,-0.74568454,-0.303954407,-0.287898958,-0.764814607,-0.593513994,-0.936835837,-0.685906988,-0.965779455,-1.062513367,-0.666610916,-0.740423592,-0.514635346,-0.997484831,-0.86609952,-1.084591636,-1.085002353,-1.126020496,-1.283560116,aflbr
LBY,Libya,-0.399989435,-0.277258139,-0.694230959,-0.329166297,-0.437564364,-0.431092268,-0.341760219,-0.3141515,-0.431833515,-0.520525558,-0.61669913,-0.581098544,-0.278168313,0.010707703,-0.067761699,-1.067499486,-1.620430873,-1.32211821,-1.024637493,-0.84749547,-1.223159365,-1.247857283,aflby
LSO,Lesotho,,,-0.817509756,-1.405041997,-1.350409314,-1.779150669,-1.775796729,-1.875234336,-1.715608109,-1.119871564,-0.695855568,-0.794146125,-1.118245301,-1.366917895,-0.989376062,-1.012947105,-0.795496891,-1.126987306,-0.964797132,-0.906260612,-0.810400032,-0.790545373,aflso
MAR,Morocco,-0.755631656,-0.707499003,-0.640759112,-0.720429027,-0.790217096,-0.648148641,-0.586514316,-0.62404237,-0.643914278,-0.705190304,-0.641003436,-0.615917628,-0.591848791,-0.657252217,-0.544238474,-0.482864394,-0.412733456,-0.565175858,-0.610360132,-0.538693837,-0.497242878,-0.410553186,afmar
MDG,Madagascar,-1.288270021,-1.256471104,-1.06273367,-1.159500234,-1.212526905,-1.32399764,-1.310019715,-1.208384242,-1.283801168,-1.224424603,-1.258626106,-1.141880592,-1.075432552,-1.030924373,-0.874468229,-0.940981788,-0.96820214,-1.12302561,-1.26347238,-1.150262352,-1.153192431,-1.085599777,afmdg
MLI,Mali,0.078359717,-0.241677256,-0.373718593,-0.493487901,-0.384083541,-0.794054747,-0.869220602,-0.884334404,-0.757637644,-0.660828893,-0.868096285,-0.797967746,-0.850431023,-0.822449695,-0.845550688,-0.802355378,-0.978708794,-1.29182501,-1.081783236,-0.845207634,-0.84495061,-1.033696659,afmli
MOZ,Mozambique,-0.77495284,-0.459640783,-0.506881874,-0.730321473,-0.845915578,-1.265725903,-1.084184653,-1.062102172,-1.09658758,-1.11436985,-1.244334306,-1.074992191,-1.212061236,-1.149735366,-1.230713107,-1.028637176,-1.121520355,-1.061899136,-1.253359834,-1.272873465,-1.176654003,-1.184018717,afmoz
MRT,Mauritania,-0.855694579,-1.22313357,-1.27635642,-1.21226992,-1.208058508,-0.978240401,-1.077416885,-1.152493895,-1.333670697,-1.36354872,-1.397968699,-1.197435486,-1.536788759,-1.210066748,-1.122445012,-1.135909466,-0.948671523,-1.091551239,-0.926922355,-0.98720695,-1.126121577,-1.232139297,afmrt
MUS,Mauritius,-0.84013896,-0.892653929,-0.811607714,-0.779692492,-0.776264264,-0.58132511,-0.464445553,-0.414694444,-0.49208603,-0.606630551,-0.530392091,-0.547061023,-0.560530841,-0.553820997,-0.37407567,-0.344962733,-0.244011221,-0.34942527,-0.352588078,-0.336693261,-0.206511156,-0.19122678,afmus
MWI,Malawi,-1.47716211,-1.033584697,-1.010664802,-0.991504955,-1.356112177,-1.604200933,-1.533151444,-1.451478415,-1.233488298,-1.183058478,-1.24810758,-1.45385565,-1.243008597,-1.007193826,-0.890756807,-0.823645254,-0.555426839,-0.455547876,-0.498434965,-0.500981299,-0.451603033,-0.571249864,afmwi
NAM,Namibia,,,-0.260253563,-0.332875351,-0.382496241,-0.43024863,-0.465555203,-0.488752514,-0.559901261,-0.613862753,-0.53478328,-0.508387523,-0.428430581,-0.565572726,-0.452877855,-0.44416778,-0.271860214,-0.247266295,-0.372263561,-0.545443441,-0.514891018,-0.563580746,afnam
NER,Niger,0.027422507,-0.006752264,0.104358184,-0.013793732,0.30324614,-0.170051337,-0.185998335,-0.258023154,-0.12284651,0.270223543,0.031799309,-0.271429957,-0.465201659,-0.371774287,-0.60687781,-0.935809982,-0.896351174,-0.8302706,-0.840256962,-0.799789861,-0.5829473,-0.548746535,afner
NGA,Nigeria,-2.364542823,-1.901770812,-2.288910423,-2.086013376,-1.424590819,-1.286081395,-1.366478368,-1.528898939,-1.502796104,-1.555419855,-1.459212484,-1.611039623,-1.66381428,-1.728349319,-1.543924713,-1.35983581,-1.332498551,-1.37439453,-1.295566396,-1.721453373,-1.718222627,-1.55083044,afnga
RWA,Rwanda,-0.536555302,-0.659145814,-0.496701796,-0.17486078,-0.037154933,-0.403338166,-0.439405144,-0.571683961,-0.351438437,0.002854845,-0.180359263,-0.173069527,-0.154604673,-0.224840474,-0.461034751,-0.536256454,-0.588328316,-0.384441983,-0.497812817,-0.624639743,-0.72617882,-0.696520223,afrwa
SDN,Sudan,0.073519132,-0.138208539,-0.587236284,-1.15020244,-0.998230675,-0.955726171,-1.30036229,-1.483923749,-1.837207783,-2.152611181,-2.075531692,-2.140820373,-2.192965907,-2.195716992,-1.673034814,-1.479071978,-1.339028849,-1.364278027,-1.442033618,-1.441968146,-1.404418092,-1.402973171,afsdn
SEN,Senegal,0.088351257,-0.054231276,0.003009217,-0.04479547,-0.055841434,-0.24929066,-0.256094052,-0.180951722,-0.158936888,-0.172900289,-0.303897745,-0.418425779,-0.481114495,-0.50816889,-0.515762979,-0.42121563,-0.362033483,-0.385496168,-0.445352199,-0.430794803,-0.51987436,-0.60335786,afsen
SLE,Sierra Leone,-0.049109056,0.176782057,0.281280776,0.615948074,0.630894452,0.729940605,0.676651477,0.645500206,0.748569272,0.749221737,0.579096903,0.397931581,0.246877941,0.160301554,-0.072966296,-0.300216982,-0.701419292,-0.418469965,-0.400901255,0.005190557,-0.131979212,-0.013814888,afsle
SOM,Somalia,0.16385006,0.398910348,0.455583286,0.526154862,0.329894107,0.081286863,-0.110203633,-0.219930494,-0.474638235,0.316904017,0.146519129,0.104737536,-0.547510061,-0.966122898,-0.932113815,-0.891114153,-1.146673292,-1.159551461,-1.21878999,-1.306740859,-1.282467611,-1.084950407,afsom
SSD,South Sudan,,,,,,,,,,,,,,,-1.996779772,-2.197148999,-3.041060193,-2.984955622,-2.242331051,-2.180015231,-2.139084025,-2.139742917,afssd
SWZ,Eswatini,,,0.186391451,0.087848427,0.021472157,-0.023342353,-0.124270533,-0.011708639,0.21546746,0.241251586,0.307929916,0.330148935,0.176610691,0.023198936,0.145903504,0.245262108,0.269600432,0.174536579,0.304680044,0.344696299,0.207449881,0.02784057,afswz
TCD,Chad,0.267023934,0.061506851,-0.310767289,-0.924610198,-1.130851165,-0.543594419,-1.40683144,-1.307332338,-1.431635113,-1.823585783,-2.608418785,-1.132568632,0.043446444,-0.05225448,-0.87910239,-2.785735894,-2.400262947,-2.257337844,-1.311572741,-1.473370023,-1.631208386,-1.856224422,aftcd
TGO,Togo,-0.51310357,-0.590480195,-0.637826604,-0.663652768,-0.572349604,-0.595714594,-0.473728038,-0.450062882,-0.591606442,-0.800032096,-0.903688101,-0.819366273,-0.811926497,-0.759304104,-0.861294266,-0.696947328,-0.555349451,-0.518181707,-0.547486938,-0.653733545,-0.665845985,-0.795681198,aftgo
TUN,Tunisia,-0.551731172,-0.434998224,-0.315735771,-0.195145845,-0.118421748,-0.049041729,0.018634451,-0.021385309,-0.071632322,-0.097335443,-0.049350721,-0.04717591,-0.005999095,-0.001412263,0.079583926,0.146760436,0.17928834,0.098048174,0.102124032,0.17965721,0.202784034,0.222321986,aftun
TZA,Tanzania,-0.584127836,-0.658306968,-0.865189588,-1.185429675,-1.228721262,-1.441601231,-1.182111779,-1.011171174,-0.944179989,-0.829890102,-0.791000678,-0.785322483,-0.851367751,-0.835730241,-0.7597827,-0.715685651,-0.740673144,-0.915272526,-0.977170554,-1.010083881,-0.478053962,-0.50457597,aftza
UGA,Uganda,-0.446529999,-0.927061398,-0.801640677,-0.731558982,-0.827880535,-0.908634528,-0.820759755,-0.687458887,-0.560991844,-0.5372952,-0.620019413,-0.5554993,-0.591344303,-0.620249827,-0.54970182,-0.407262294,-0.264260806,-0.287948305,-0.364648522,-0.571220965,-0.671820551,-0.770722494,afuga
ZAF,South Africa,0.6696377,0.530787559,0.507678605,0.449338478,0.428617694,0.412074117,0.419819783,0.563680966,0.524218258,0.505504655,0.501890061,0.428701907,0.395207562,0.408461379,0.374888368,0.409297494,0.459665765,0.37030428,0.301323525,0.283625546,0.227995604,0.272948558,afzaf
ZMB,Zambia,-0.124301176,-0.250874182,-0.358493129,-0.655406218,-0.880916735,-0.915171298,-0.973385429,-0.991919172,-0.856216269,-0.838800861,-0.650703155,-0.639686091,-0.57476706,-0.644824717,-0.458276737,-0.210015245,-0.224980013,-0.278081389,-0.589883663,-0.606477727,-0.698844394,-0.634893833,afzmb
ZWE,Zimbabwe,-0.219354874,-0.336795342,-0.333114611,-0.452481428,-0.469528418,-0.42170727,-0.334840679,-0.249962363,-0.184508755,-0.219397824,-0.198797759,-0.319609381,-0.430740304,-0.68500674,-0.698761951,-0.657928701,-0.539541647,-0.617072485,-0.669967351,-0.743908717,-0.714447695,-0.720299701,afzwe
AFG,Afghanistan,0.348631758,0.548194076,0.316952556,0.56721362,0.68356111,0.624449821,0.366551762,0.339567471,0.212267739,-0.047509077,-0.020968382,0.6118987,0.645578415,0.598541657,-0.055950252,-0.615340641,-0.630949805,-0.718820174,-0.791723111,-1.026766217,-1.114901905,-1.036977381,asafg
ARE,United Arab Emirates,-0.579148934,-0.552493067,-0.492905924,-0.387145106,-0.380382067,-0.283229511,-0.161638584,-0.082996776,-0.032523231,-0.143898472,-0.166724289,-0.199578137,-0.136761709,0.07989776,0.051042992,0.098037435,0.122626723,0.171280727,0.24147919,0.189234901,0.220620219,0.307572086,asare
ARM,Armenia,0.965010644,0.852000038,0.91648432,0.465693471,0.321103833,0.112108966,0.045198139,0.080866024,0.224127578,0.476531197,0.506240049,0.500362816,0.25763731,0.191114645,0.321074722,0.215476864,0.185122855,0.065671951,0.045020423,-0.096628365,-0.224837979,-0.276241556,asarm
AZE,Azerbaijan,0.716749972,0.539307044,0.351434148,0.148507669,-0.01304646,-0.088691297,-0.19916064,-0.145949911,-0.277775052,-0.233917773,-0.318478799,-0.638859117,-0.524736978,-0.359922928,-0.15716968,-0.282265472,-0.434638734,-0.488946987,-0.490299888,-0.394509311,-0.495053209,-0.389182485,asaze
BGD,Bangladesh,-1.447764341,-1.376169684,-1.287538212,-1.337026497,-1.435726027,-1.343926914,-1.355647987,-1.191220176,-1.184462755,-1.190587544,-1.110866836,-1.177841234,-1.227262951,-1.341953994,-1.115998367,-1.052001357,-0.937933777,-1.208527451,-1.220482907,-1.077079606,-1.02377313,-0.95631519,asbgd
BHR,Bahrain,,,,,,,,,,0.225671176,0.350493787,0.385168118,0.344329957,0.235321718,0.385560137,0.437538926,0.314706059,0.340939777,0.430579178,0.426456889,0.49021912,0.511173401,asbhr
CHN,China,0.0680034,0.140840236,0.298172462,0.331462692,0.284365798,0.390271526,0.506076091,0.56524495,0.626353746,0.675942214,0.75944057,0.778106222,0.785795834,0.840332596,0.956804113,0.975381837,0.975670146,0.959441742,0.989290797,1.035202681,1.056672554,1.057777479,aschn
CYP,Cyprus,,,,,,,0.674065597,0.692442497,0.7657302,0.81121364,0.978835404,0.990102464,0.947856179,0.916908001,0.86225157,0.767687675,0.66994935,0.613268071,0.630199826,0.6200239,0.603008854,0.570461601,ascyp
GEO,Georgia,0.837322404,0.712844614,0.775256937,0.587923378,0.680420443,0.582437308,0.442203082,0.337391211,0.273791741,0.146720194,0.098493287,0.074278374,0.060471092,0.064631831,0.216632597,0.187919606,0.049561676,0.092727791,0.126854745,0.052795222,0.079641463,0.128883458,asgeo
HKG,Hong Kong,0.152728449,0.259318911,0.431503584,0.465872734,0.480665968,0.592373821,0.593461258,0.582226881,0.611386956,0.59348572,0.650224666,0.703326033,0.719931806,0.812585037,0.922578089,0.924665197,0.873831169,0.91039196,0.98594031,1.010878802,1.056641807,1.059105317,ashkg
IDN,Indonesia,-0.346778008,-0.294733967,-0.229111897,-0.137776388,-0.184735042,-0.112039255,-0.06682784,-0.055818324,-0.057044229,-0.095949795,-0.088090719,-0.166756699,-0.190373878,-0.267733307,-0.173923884,-0.117730594,-0.057290037,-0.073276448,0.001474094,0.004600531,0.035385426,0.077927882,asidn
IND,India,0.193511525,0.195997583,0.267666915,0.306459101,0.283893849,0.328520455,0.386247665,0.432687004,0.380017823,0.368915474,0.359477832,0.345119996,0.348232137,0.309187213,0.409151881,0.430111561,0.451297279,0.480447848,0.550985269,0.608377438,0.624286618,0.630226824,asind
IRN,Iran,0.124819526,0.062420045,-0.10693915,-0.180676792,-0.292647705,-0.344702419,-0.119779245,-0.023500006,0.021198215,-0.08681524,-0.129498563,-0.078857286,-0.015670295,-0.02630075,0.022102522,0.052162601,0.151653984,0.181326916,0.126795543,0.081905391,0.081963539,0.042461993,asirn
IRQ,Iraq,-1.376611565,-2.062637127,-1.85539211,-0.840136351,-1.014427696,-0.040775518,-0.95014594,-0.89865434,-1.375584033,-1.531433255,-1.467599424,-1.576246026,-1.561890134,-1.548726682,-1.517283248,-1.264069729,-1.554860008,-0.49360491,-1.013451101,-0.984811662,-0.68844421,-0.404271828,asirq
ISR,Israel,1.350609148,1.375113995,1.40258939,1.41139367,1.514298095,1.465873569,1.456575208,1.364504153,1.329375408,1.379699395,1.385058688,1.32559091,1.321507978,1.351008668,1.374661501,1.308730445,1.306398359,1.354018295,1.381284159,1.33623746,1.268747057,1.272339681,asisr
JOR,Jordan,0.599162682,0.660574006,0.477588731,0.404931787,0.354837525,0.210315921,0.055534263,-0.026644559,-0.007216077,-0.091751352,0.012849334,0.008014159,0.054747061,0.037574317,0.115234797,0.185816497,0.18720074,0.118613189,0.019358123,0.024352596,0.060807543,0.077236548,asjor
JPN,Japan,2.143156811,2.171832655,2.269120837,2.338148746,2.384390729,2.40543534,2.481900859,2.382085168,2.39404252,2.301068462,2.256801984,2.281749824,2.268478929,2.385816562,2.372373898,2.245999424,2.184562657,2.262751543,2.360299585,2.314818449,2.294850313,2.267671687,asjpn
KAZ,Kazakhstan,0.450418394,0.013664487,-0.154799275,-0.158941753,-0.2263804,-0.319962515,-0.386958441,-0.412615736,-0.27937632,-0.203568803,-0.15655338,-0.133644807,-0.287996492,-0.236158907,-0.11139862,-0.028351356,-0.048461462,0.062403528,0.097848945,-0.038431089,-0.045529792,-0.081392303,askaz
KGZ,Kyrgyzstan,0.437109564,0.381798508,0.41298278,0.46609821,0.290456469,-0.064233528,-0.175450625,-0.112366558,-0.010634509,-0.007642194,0.046177526,0.003514964,-0.170371978,-0.321261592,-0.166999797,-0.070356744,-0.02700813,-0.008131578,0.049519522,0.071836613,0.008057601,-0.048880428,askgz
KHM,Cambodia,-1.854174712,-1.689848674,-1.464104978,-1.46066279,-1.563981792,-1.517335781,-1.581918964,-1.53297111,-1.576655264,-1.488559868,-1.460184591,-1.41236614,-1.453739484,-1.59694443,-1.342830621,-1.141310967,-1.00041206,-1.006963786,-0.932783747,-0.715956376,-0.736755302,-0.730849633,askhm
KOR,South Korea,0.996463537,1.005882705,1.024751295,1.168572482,1.228892865,1.375990138,1.483403452,1.583103384,1.671786829,1.680919424,1.594990297,1.61311332,1.664500306,1.745492932,1.805072991,1.767249306,1.775081358,1.867005936,1.977742659,1.9499938,1.978149661,1.950841546,askor
KWT,Kuwait,-0.112649224,-0.075792663,-0.112941573,0.227678881,0.144793583,-0.030258003,-0.07750379,-0.014362392,-0.189797456,-0.252706079,-0.018163606,0.045332382,0.314273192,0.261091353,0.21415591,0.312445954,0.209859174,0.34700188,0.26292843,0.191371115,0.26746129,0.209757451,askwt
LAO,Laos,-1.543281908,-1.461698511,-1.488382211,-1.423467557,-1.460626762,-1.253046185,-1.29268449,-1.281885083,-1.321299966,-1.280995649,-1.163495307,-1.26307361,-1.254660463,-1.365237783,-1.239213465,-1.031728905,-0.982583355,-0.95306364,-0.951097197,-0.836236697,-0.833339852,-0.815928133,aslao
LBN,Lebanon,0.466580594,0.369360285,0.329835568,0.338472682,0.325263696,0.220850105,0.267846639,0.388962923,0.390538703,0.351241394,0.422652059,0.420153227,0.407299302,0.377822638,0.391887781,0.38604113,0.439950806,0.385509068,0.343714671,0.365872307,0.314557922,0.290623338,aslbn
LKA,Sri Lanka,-1.095135883,-0.987746813,-0.880902144,-0.86513476,-0.93351423,-0.782294891,-0.724225058,-0.68544389,-0.615094679,-0.656895137,-0.610511637,-0.66909874,-0.725317764,-0.79518396,-0.651698547,-0.588308895,-0.451159203,-0.582046322,-0.584619242,-0.477704472,-0.483025668,-0.439817969,aslka
MMR,Burma,-1.515760873,-1.48943447,-1.374298071,-1.449681809,-1.540851894,-1.536160341,-1.367156034,-1.305440528,-1.320651529,-1.458288064,-1.536676661,-1.563403937,-1.651787209,-1.705093663,-1.452181108,-1.308487359,-1.350934162,-1.390131508,-1.313394437,-1.058103057,-0.938001729,-0.943394755,asmmr
MNG,Mongolia,-0.711278328,-0.719339057,-0.692193831,-0.905949294,-1.154561664,-1.237077056,-1.322738895,-1.322805301,-1.305106029,-1.27504934,-1.253559307,-1.086910984,-0.802264863,-1.015528873,-0.762319982,-0.826022047,-0.939967024,-0.96682552,-0.781510215,-0.868844087,-0.867724786,-1.049922205,asmng
MYS,Malaysia,0.378080014,0.489274987,0.568345091,0.790702513,0.881209606,0.974721275,1.049210931,0.932172179,1.01869778,0.972219531,1.002066343,0.948588346,1.000716062,1.073683208,1.132878365,1.150975187,1.120572559,1.099889663,1.136505172,1.149549973,1.164898438,1.13944558,asmys
NPL,Nepal,-0.657086421,-0.561690277,-0.500547482,-0.511317601,-0.533122063,-0.442282573,-0.377653402,-0.386724923,-0.437927382,-0.395431372,-0.317356197,-0.243864817,-0.277111246,-0.368916826,-0.266152661,-0.247549252,-0.223327494,-0.364210609,-0.341211366,-0.357075099,-0.397228303,-0.439461648,asnpl
OMN,Oman,-0.73569371,-0.815804762,-0.62840346,-0.469771466,-0.367007062,-0.438919182,-0.489800381,-0.581352959,-0.632119718,-0.58322301,-0.387438364,-0.394480458,-0.517396386,-0.453539114,-0.366556223,-0.249328823,-0.238750414,-0.139053803,-0.135619003,-0.11132366,-0.171988234,-0.18995672,asomn
PAK,Pakistan,-1.139882677,-1.078760728,-0.955148995,-0.996160509,-1.014111123,-0.888189415,-0.83233252,-0.747559749,-0.693259198,-0.734465156,-0.691666005,-0.697941234,-0.72593682,-0.763709847,-0.660327916,-0.618473201,-0.530994296,-0.694186969,-0.689291829,-0.613110211,-0.567711606,-0.558947282,aspak
PHL,Philippines,-0.410374894,-0.227657409,-0.100767806,-0.039092444,-0.019023921,0.164886694,0.161925163,0.090836624,0.106387562,0.135578256,0.279777715,0.278167494,0.374065457,0.410588737,0.485950706,0.501489054,0.497089085,0.488594598,0.557589379,0.715072427,0.805814722,0.678913676,asphl
PRK,North Korea,0.625731483,0.798344157,0.871034881,0.847856029,0.707090055,0.815373712,0.809125072,0.902212746,0.899528202,0.939424391,0.960321249,0.920182579,0.730853337,0.571766014,0.454606473,0.241676604,0.179736349,-0.069825892,-0.140476301,-0.192650015,0.05324121,0.318731542,asprk
PSE,Palestine,,,1.410083059,1.294602332,1.175466891,0.968917921,0.989962274,0.764333722,0.115025927,0.249881306,0.239198529,0.225843477,0.226417959,0.141988544,0.182887553,0.218501849,0.252799103,0.209596749,0.16449787,0.183137837,0.235660128,0.284314841,aspse
QAT,Qatar,,,,,,,,,0.048513651,0.05482736,0.045603726,0.063722455,0.191224233,0.25382122,-0.016417119,0.084594948,0.035207201,0.326026418,0.338427432,0.189632046,-0.045998609,0.071501262,asqat
SAU,Saudi Arabia,0.709255978,0.566603087,0.443172578,0.638196093,0.572822855,0.551458847,0.518374917,0.490992109,0.594196695,0.540115657,0.402516708,0.329802192,0.563895152,0.663233156,0.77909374,0.871801871,0.769068918,0.95910979,0.880591279,0.812004328,0.921146701,1.002085983,assau
SGP,Singapore,1.166723758,1.23215152,1.428150348,1.495967745,1.556488361,1.612831891,1.779106123,1.673997437,1.548458952,1.587349307,1.632543135,1.626172276,1.631498659,1.745212442,1.768168678,1.675325642,1.627385706,1.749778092,1.866243566,1.836976523,1.846896038,1.827773877,assgp
SYR,Syria,-1.038023459,-0.918196025,-0.952211123,-0.730418957,-0.658518526,-0.550027428,-0.48224705,-0.438940268,-0.378029117,-0.454694049,-0.435598737,-0.376192074,-0.316453754,-0.329644609,-0.228348512,-0.220264305,0.113351367,-0.056273579,-0.260444827,-0.325885568,-0.373837317,-0.380066494,assyr
THA,Thailand,0.006477427,0.139174584,0.222209329,0.248254998,0.266196905,0.356104638,0.53512099,0.538740827,0.586117752,0.57772995,0.614116296,0.601908722,0.640972929,0.708077766,0.77279878,0.834303837,0.874780105,0.959251607,1.059928526,1.057978853,1.093442585,1.050624027,astha
TJK,Tajikistan,-0.2322879,-0.389476683,-0.350137152,-0.400266022,-0.662255856,-0.771809111,-0.715439243,-0.497370679,-0.526868373,-0.704962332,-0.76869811,-0.723611282,-0.758847589,-0.82508764,-0.74467332,-0.647770071,-0.514776137,-0.608018218,-0.72492152,-0.569043479,-0.675979079,-0.659146989,astjk
TKM,Turkmenistan,-0.328759739,-0.779289692,-0.81163949,-1.20322282,-1.15725084,-1.184564485,-1.266161728,-1.114422963,-1.277397185,-1.243490142,-1.33686628,-1.207439739,-1.017848048,-0.966215452,-1.198238607,-1.305624405,-1.144145534,-1.133031288,-0.907842453,-0.755183241,-0.738826473,-0.609977255,astkm
TLS,Timor-Leste,,,,,,,,,0.816655981,0.11138784,0.234681837,0.057148219,0.346397229,0.253942101,-0.332847342,-0.561859641,-0.122158061,-0.051624103,-0.482357625,-0.607156604,-0.412551154,-0.252066172,astls
TUR,Turkey,0.167749534,0.223556799,0.258460682,0.212019501,0.177392462,0.202906278,0.239428739,0.279399016,0.329462742,0.33813279,0.385279572,0.414568337,0.412357894,0.393964884,0.499180403,0.551205275,0.578038626,0.497199242,0.523595209,0.590716493,0.642479701,0.694143925,astur
UZB,Uzbekistan,0.045333007,0.003023307,-0.10759389,-0.298895959,-0.325950443,-0.390483514,-0.491139335,-0.387318968,-0.477746755,-0.546732933,-0.620979384,-0.604235061,-0.682359911,-0.656504456,-0.498602221,-0.562556163,-0.44720303,-0.540018478,-0.611714118,-0.46743725,-0.408565276,-0.398341208,asuzb
VNM,Vietnam,-1.048953004,-0.875088104,-0.736358163,-0.670457797,-0.7246929,-0.631340559,-0.502741275,-0.399014752,-0.368176625,-0.360901982,-0.248385466,-0.285905446,-0.292739967,-0.243901344,-0.072608787,-0.051666176,-0.015579844,-0.140319543,-0.065754413,0.019063255,0.119214027,0.112720472,asvnm
XXB,Chinese Taipei,1.070581947,1.206857969,1.419076503,1.474467085,1.517666235,1.649287844,1.714298946,1.7029942,1.768861143,1.784249103,1.72965118,1.741614516,1.763450216,1.889629654,1.953957729,1.903023633,1.849381527,1.932330252,2.044953999,2.062518301,2.071512226,2.079872321,asxxb
YEM,Yemen,-1.376031263,-1.720179396,-1.569456868,-1.613146695,-1.580036523,-1.625092418,-1.39953645,-1.128369509,-1.065669511,-1.105906626,-1.137535495,-1.055161762,-0.983087681,-0.952984907,-1.076688673,-0.905858496,-0.89019386,-0.749310852,-0.726747046,-1.045132512,-1.377022264,-1.272715233,asyem
ALB,Albania,-0.58850694,-0.427162192,-0.338962149,-0.464616339,-0.461563939,-0.360581925,-0.309733668,-0.346118463,-0.452653429,-0.481050095,0.00024213,0.348096558,0.281392014,0.028127391,-0.426036432,-0.402719378,-0.341738113,-0.546466543,-0.551504013,-0.382655169,-0.298258705,-0.243741987,eualb
AUT,Austria,1.656045933,1.700509173,1.714323027,1.71249829,1.778358269,1.783705934,1.768432676,1.758773486,1.752047026,1.701203863,1.655047962,1.680716561,1.658667798,1.702666976,1.68174542,1.63447249,1.587298992,1.618575823,1.674414701,1.661032376,1.62739013,1.647109144,euaut
BEL,Belgium,,1.502684463,1.526896229,1.522853461,1.605655716,1.617954636,1.629876033,1.637971428,1.559489711,1.517685101,1.485673126,1.4720746,1.480318335,1.490895384,1.456250526,1.38953203,1.359115563,1.398161801,1.400728672,1.396960065,1.383927529,1.394342633,eubel
BGR,Bulgaria,0.385119149,0.356807597,0.350284652,0.347007651,0.29515259,0.27452583,0.330726741,0.39114927,0.396427074,0.415673059,0.465210425,0.508717667,0.480992357,0.452799967,0.556352749,0.555946159,0.600114706,0.542326001,0.563689871,0.629497944,0.609378761,0.605985705,eubgr
BIH,Bosnia and Herzegovina,0.21619235,0.227749074,0.328948867,0.215732178,0.215579612,0.384359169,0.431186986,0.458050341,0.532803376,0.479189305,0.517980091,0.542336732,0.540601175,0.574823217,0.627483981,0.63362818,0.65180021,0.535871447,0.57302473,0.630763877,0.695665178,0.695542521,eubih
BLR,Belarus,0.909828427,0.822975065,0.767483466,0.738796772,0.723446579,0.817536366,0.906579735,0.937038379,0.961718917,1.014599147,0.97304174,1.026382676,0.997710123,1.011860456,1.040214211,1.044544789,0.994491164,0.993559582,0.900793934,0.891815981,0.89179212,0.931498174,eublr
CHE,Switzerland,2.004754318,2.009515975,2.047164018,2.021490908,2.097112756,2.07303727,2.07145944,1.927008628,1.914432714,1.918207168,1.897198202,1.925977222,1.92786905,2.02605325,2.03113067,2.01053107,1.931297026,2.025694954,2.131169881,2.117469203,2.08410501,2.014323148,euche
CZE,Czechia,1.325738653,1.344504709,1.400093672,1.440674314,1.532929391,1.598021055,1.569608992,1.618333481,1.610102395,1.608424728,1.611201932,1.686520978,1.710514622,1.773894893,1.754872178,1.712241365,1.672173762,1.719930863,1.776072335,1.757272497,1.753831999,1.726767793,eucze
DEU,Germany,2.040055671,2.035417477,2.067626062,2.103588922,2.159679556,2.185289598,2.201172097,2.160208312,2.091688261,2.02553811,2.011059281,2.042055651,2.00948055,2.043234146,2.023046428,1.951330453,1.897931856,1.980153458,2.055519315,2.028588515,1.98762345,1.97538289,eudeu
DNK,Denmark,1.353716024,1.404555196,1.369515705,1.321515237,1.295961376,1.328839293,1.302071423,1.247251063,1.202872972,1.177526248,1.159739633,1.161424409,1.157793354,1.14125759,1.170244229,1.143464116,1.108114739,1.113989197,1.148390805,1.146600231,1.098779196,1.108467307,eudnk
ESP,Spain,1.266084372,1.25552818,1.276912876,1.274904126,1.244289085,1.232329454,1.144871082,1.144000376,1.090960864,1.041789697,1.055796014,1.033400194,0.973118288,0.94555571,0.966608544,0.958424559,0.914128209,0.893949084,0.910816948,0.886089076,0.899340311,0.895208957,euesp
EST,Estonia,0.563491104,0.547261861,0.502800595,0.42024752,0.468793507,0.558704902,0.633826974,0.76055279,0.783093976,0.884588427,0.845788902,0.823397614,0.804049916,0.8847954,0.897834328,0.919431582,0.916283784,0.961897454,1.04715945,1.085936929,1.10344274,1.080069039,euest
FIN,Finland,1.783604494,1.7979594,1.794293725,1.827933411,1.902848404,1.845141067,1.862421255,1.871724669,1.879032217,1.843587509,1.737434694,1.788920809,1.719350505,1.766174038,1.663377277,1.61492231,1.593484221,1.631065036,1.618409104,1.601889689,1.596909103,1.576241299,eufin
FRA,France,1.710550165,1.669597762,1.6941323,1.689057494,1.736592667,1.752169976,1.742361931,1.650398477,1.585219495,1.544112296,1.524469726,1.521356727,1.540700105,1.556706544,1.540505973,1.497823699,1.446759083,1.470321394,1.506082518,1.507437882,1.466081044,1.445330497,eufra
GBR,United Kingdom,1.874785095,1.871891075,1.905441151,1.981504383,2.00830256,1.951799128,1.964259109,1.893641335,1.805696145,1.717317341,1.705678141,1.696222276,1.727464005,1.712913131,1.677240456,1.608678273,1.563327271,1.584909709,1.622214804,1.569679796,1.536946014,1.503359464,eugbr
GRC,Greece,0.416483805,0.419688231,0.418285473,0.398596886,0.373150288,0.468419635,0.391760942,0.460605317,0.371671155,0.340743859,0.324110367,0.295310844,0.302364976,0.28597741,0.363034746,0.378632658,0.395414851,0.353587689,0.342973851,0.424701825,0.387569284,0.384219536,eugrc
HRV,Croatia,0.604322686,0.603381332,0.586733516,0.518007599,0.505561529,0.538778182,0.544173998,0.618410055,0.631004825,0.688418758,0.717764167,0.744921628,0.768228792,0.716734834,0.843207461,0.872620156,0.850878244,0.793730638,0.829727683,0.825800058,0.84372161,0.85087768,euhrv
HUN,Hungary,0.930596552,0.975980718,1.067601642,1.108751766,1.166541193,1.305813776,1.314262956,1.335970573,1.394034101,1.431338256,1.426708421,1.491965082,1.507761768,1.509554516,1.52022765,1.483399461,1.491706859,1.526651613,1.583674522,1.577574953,1.565660823,1.521588641,euhun
IRL,Ireland,1.690007486,1.724174729,1.738459757,1.837334021,1.931254094,1.889911726,1.898432695,1.8140396,1.609063585,1.537928815,1.52346962,1.528806852,1.546756796,1.52436449,1.468908632,1.424448617,1.384054426,1.429034001,1.460903336,1.422835219,1.375847665,1.36696949,euirl
ITA,Italy,1.438668494,1.463826207,1.505244525,1.503900308,1.461131228,1.451195424,1.426172889,1.433907247,1.420549808,1.402744484,1.371483572,1.411817892,1.378397006,1.43324942,1.444164324,1.403003828,1.390499069,1.369352835,1.402230622,1.412860047,1.397830961,1.40226495,euita
LTU,Lithuania,0.29884077,0.238010194,0.229467408,0.178222205,0.069639606,0.108931963,0.177590278,0.396941084,0.4578595,0.59090096,0.663475137,0.701264474,0.627892004,0.635687597,0.78066238,0.825225522,0.856096855,0.81579206,0.839697239,0.897333866,0.974491057,1.009842413,eultu
LVA,Latvia,0.394880971,0.301862269,0.318729973,0.250451423,0.294557643,0.32097609,0.402649507,0.54011502,0.653327731,0.692393613,0.732237693,0.766785126,0.699404857,0.739265188,0.788325368,0.769506077,0.744256174,0.699417301,0.785538265,0.83265191,0.891684873,0.914061676,eulva
MDA,Moldova,-0.107763952,-0.137195067,-0.017962226,-0.088473003,-0.199511157,-0.138308361,-0.086333218,-0.066854339,-0.073056113,-0.041769864,-0.032690306,-0.00271353,-0.03769927,-0.1511762,0.032997979,0.140410467,0.115539501,-0.00493099,-0.105724802,-0.072357632,0.021856585,-0.032150862,eumda
MKD,North Macedonia,0.179523264,0.125014811,0.132443155,0.019253976,-0.022556201,-0.077097039,-0.174004847,-0.109845926,-0.158192224,-0.146730991,-0.141585154,-0.057863911,-0.087568908,-0.181298968,-0.088828458,0.025721689,0.027754967,-0.0701112,-0.104072465,0.039161787,0.090913545,0.180420059,eumkd
NLD,Netherlands,1.610974752,1.550873055,1.536810971,1.590777932,1.584305437,1.533938906,1.519374254,1.447732473,1.414508489,1.436655214,1.38276845,1.32203179,1.300010462,1.294125832,1.314703448,1.287514348,1.245772602,1.258002803,1.298214567,1.292221002,1.258792434,1.236259651,eunld
NOR,Norway,1.227590864,1.227021277,1.119488655,1.128112172,0.980256517,0.895761894,0.948839581,1.015613075,1.009247943,1.110134883,1.047997079,1.090729715,1.140505024,1.07678497,0.964664784,0.980186463,0.913884904,1.023689232,1.004160298,0.928210231,0.845220899,0.844653082,eunor
POL,Poland,0.817299904,0.788382159,0.819314163,0.835177967,0.856331617,0.931539224,0.957677562,1.042609376,1.071420993,1.114010261,1.139476483,1.167788223,1.1817256,1.154464811,1.168185582,1.151807111,1.124276315,1.136504959,1.16213449,1.182066118,1.177267534,1.184334892,eupol
PRT,Portugal,0.360572369,0.399010486,0.470128639,0.452522203,0.44324225,0.430332943,0.465945817,0.511743041,0.488194393,0.450256718,0.456900665,0.47300487,0.459973956,0.422750649,0.504213577,0.523029045,0.553783013,0.47377756,0.511243809,0.521414982,0.558970538,0.576123295,euprt
ROU,Romania,0.360998008,0.260568448,0.282167301,0.267333882,0.193079967,0.357137147,0.360605611,0.451778915,0.523695904,0.605187409,0.69204395,0.82080815,0.845404349,0.794905687,0.827187495,0.856593354,0.882724379,0.929247378,0.996188617,1.103227138,1.123582348,1.145977206,eurou
RUS,Russia,0.848880743,0.762438776,0.795749313,0.831781142,0.805105432,0.811262369,0.701979844,0.930888695,0.924018831,0.931115725,0.922262408,0.986304191,1.041220422,0.903465822,0.826314089,0.848016186,0.690134787,0.646547209,0.637898281,0.606696101,0.630809632,0.636662962,eurus
SRB,Serbia,,,,,,,,,0.736240247,0.688997198,0.708522667,0.702864493,0.708731475,0.649870998,0.694533326,0.761104035,0.744696635,0.678240089,0.694552892,0.742371976,0.793227229,0.781705185,eusrb
SVK,Slovakia,1.013978102,1.012833734,1.020244225,1.042177791,1.042362087,1.124925502,1.169500457,1.244521002,1.213733027,1.270826134,1.298898654,1.37397678,1.371328373,1.395407268,1.379454894,1.392438048,1.352664953,1.391462912,1.436238595,1.455199062,1.466750715,1.455523155,eusvk
SVN,Slovenia,1.254962572,1.314105361,1.339307767,1.361230636,1.395758559,1.487662682,1.47733766,1.515840898,1.534235773,1.51651762,1.519467315,1.536799274,1.552110723,1.588403002,1.55660523,1.528505326,1.490213711,1.503956901,1.612967599,1.613368522,1.586520252,1.566997095,eusvn
SWE,Sweden,2.020189161,1.999212356,1.99531832,2.050933344,2.083733844,2.018041474,2.019346974,1.934769517,1.912116645,1.917188679,1.867219184,1.87344482,1.82838059,1.867333695,1.835776885,1.786351528,1.745388293,1.773899568,1.799999476,1.750057913,1.709685904,1.693374528,euswe
UKR,Ukraine,0.887966517,0.77941261,0.7652694,0.73937573,0.749732212,0.784452166,0.799940709,0.834814019,0.789256474,0.806650817,0.853861117,0.819513176,0.830352732,0.821231045,0.787887313,0.824827752,0.787095115,0.75796462,0.703228634,0.680245782,0.677048144,0.648841157,euukr
CAN,Canada,1.357655598,1.285906567,1.223245217,1.244271211,1.255927308,1.231285618,1.17129465,1.157927418,1.089093225,1.056981573,1.064182567,1.094058099,1.093921698,1.104165513,1.058118546,1.032665802,1.052924952,1.054728899,1.037068303,1.042536282,1.010313992,1.056816372,nacan
CRI,Costa Rica,0.081727529,0.037534889,0.172424002,0.179225594,0.189343663,0.213902292,0.206745433,0.137544885,0.221379732,0.222660456,0.24934982,0.178159867,0.023151229,0.020174708,0.135818484,0.212387373,0.348986194,0.370359828,0.360129397,0.31685365,0.330336388,0.36117809,nacri
CUB,Cuba,-0.141575933,0.081048717,-0.085980814,-0.242115238,-0.46895694,-0.320224302,0.139141185,0.300400707,0.423173624,0.414291967,0.215655185,-0.170991111,-0.040022392,-0.142260002,-0.030846778,0.099140188,-0.026133294,-0.130142112,-0.439703942,-0.415332939,-0.548136927,-0.674475342,nacub
DOM,Dominican Republic,-0.632654969,-0.53576686,-0.406783155,-0.382781547,-0.46807312,-0.34652155,-0.311278624,-0.323739089,-0.27791703,-0.32685604,-0.243983149,-0.133349588,-0.135780951,-0.167938472,-0.123778476,-0.113004314,-0.077659604,-0.165979385,-0.176012794,-0.120335099,-0.084748713,-0.050617873,nadom
GTM,Guatemala,-0.225589978,-0.275929448,-0.264086309,-0.362839185,-0.357630554,-0.261241836,-0.237372069,-0.295604363,-0.322051017,-0.364661633,-0.300135934,-0.395222074,-0.475786192,-0.514915804,-0.349583311,-0.341964616,-0.229302711,-0.27734557,-0.304252827,-0.217211477,-0.211962736,-0.204116424,nagtm
HND,Honduras,-0.790006628,-0.732905457,-0.781443169,-0.951952076,-1.038086865,-0.964049777,-0.830602151,-0.867662528,-0.812340427,-0.75190475,-0.718363127,-0.732782633,-0.752311575,-0.828710116,-0.622815695,-0.524426843,-0.421743702,-0.498622683,-0.439101298,-0.466624367,-0.398897256,-0.430782913,nahnd
HTI,Haiti,-1.258876991,-1.200873981,-1.072256536,-1.092661464,-1.14186151,-1.170158726,-1.231720892,-1.263221745,-1.352469485,-1.386056476,-1.33182251,-1.34295158,-1.438063564,-1.63538811,-1.384838413,-1.205654364,-1.11886939,-1.351188468,-1.348419084,-1.169704812,-1.087188003,-1.113207071,nahti
JAM,Jamaica,-0.778486272,-0.719763775,-0.648135118,-0.689648206,-0.688273218,-0.715564268,-0.537261998,-0.431923607,-0.388309043,-0.367555017,-0.373831517,-0.263674761,-0.282310754,-0.149419881,-0.119162527,-0.229658018,-0.235502899,-0.271532597,-0.234167121,-0.180990845,-0.180250521,-0.238220698,najam
MEX,Mexico,0.844785182,0.862579475,1.012748499,1.071602368,1.149761706,1.225645848,1.229075049,1.208494497,1.12740413,1.111016987,1.115910783,1.136188746,1.183473565,1.24605164,1.279270866,1.258877524,1.254666927,1.306123442,1.342303874,1.371286444,1.307700716,1.272253275,namex
NIC,Nicaragua,-0.7460305,-0.677194756,-0.816926062,-0.929428895,-0.976336942,-1.008946338,-0.976651995,-1.003183009,-0.983017262,-0.907995076,-1.005252742,-0.973513642,-1.100288348,-1.156742725,-1.070075278,-0.960380093,-0.919817882,-1.063701327,-1.179108121,-1.071078558,-0.996936509,-0.939010057,nanic
PAN,Panama,-0.028220518,0.008016535,0.132917789,-0.003577367,-0.061551429,-0.031348471,-0.020932161,-0.021054946,0.103165637,0.093582573,0.234946074,0.20464281,0.180762733,0.261859194,0.444078317,0.511422585,0.427168111,0.343700931,0.348770132,0.361997757,0.315410598,0.224005571,napan
SLV,El Salvador,-0.025758949,0.018013026,-0.002023242,-0.064998581,-0.137066323,-0.041987693,-0.012205273,-0.173264406,-0.246179772,-0.282634908,-0.302571503,-0.291097915,-0.316916909,-0.370793782,-0.176584891,-0.114354687,-0.030528255,-0.125723528,-0.138809875,0.038323644,0.047252595,0.045282451,naslv
TTO,Trinidad and Tobago,0.365642803,0.268290627,0.107794388,0.159628542,0.077739565,0.039621759,-0.044695631,-0.083328337,-0.155120793,-0.112051397,-0.207985481,-0.182850104,-0.224861178,-0.155470603,-0.231077556,-0.133849871,-0.306167048,-0.208714345,-0.157176658,-0.047790242,0.079707898,0.206034444,natto
USA,United States,1.896803518,1.893490652,1.935797682,1.94830678,1.989342926,1.928390715,1.90575651,1.841977611,1.808816686,1.746653114,1.71451352,1.698600626,1.695605725,1.730339547,1.709508424,1.642830663,1.618443434,1.691079564,1.725421942,1.695069512,1.644027404,1.630986474,nausa
AUS,Australia,0.714788226,0.588991508,0.510688459,0.47899659,0.443684009,0.316901722,0.240628539,0.239035417,0.193249656,0.284873396,0.205629587,0.104151016,-0.015430702,-0.124430965,0.001534725,0.040335532,-0.016445392,-0.02015472,0.027076376,-0.091975795,-0.126689372,-0.155126659,ocaus
NZL,New Zealand,0.932665375,0.859399394,0.784693964,0.784597546,0.740619013,0.673791013,0.597795684,0.63594472,0.650469879,0.664324564,0.619710671,0.586261073,0.524827326,0.545009078,0.60899722,0.633454339,0.572982354,0.529412526,0.509348492,0.4433918,0.460137122,0.508523481,ocnzl
PNG,Papua New Guinea,-1.827096623,-1.91530404,-1.943834136,-1.936851109,-1.4200777,-1.392362887,-1.317552826,-1.539238525,-1.73660563,-2.256014781,-2.16477964,-2.281343242,-2.260294195,-1.756695561,-1.697428148,-1.499602743,-1.546804155,-1.739230476,-1.787987672,-1.896376206,-1.872460748,-1.611470198,ocpng
ARG,Argentina,0.527355061,0.525736848,0.508375064,0.607506709,0.524490607,0.475349248,0.488100411,0.474411703,0.454925862,0.476681539,0.482765469,0.476140573,0.468393314,0.422409408,0.473205829,0.523546522,0.530898216,0.476392705,0.39235094,0.315937229,0.223466405,0.225680508,saarg
BOL,Bolivia,-0.382989141,-0.454600077,-0.44770965,-0.544921558,-0.651014035,-0.719059899,-0.738726418,-0.929468279,-0.742890935,-0.924553238,-0.761455968,-0.994000734,-0.993302823,-1.013381596,-0.611166279,-0.567909999,-0.591861667,-0.875097215,-0.858262226,-0.806634117,-0.794335104,-0.847422014,sabol
BRA,Brazil,0.97951583,0.871949925,0.816111808,0.810229908,0.808237971,0.796870874,0.776675346,0.847372086,0.864895843,0.91539157,0.883312064,0.773172963,0.831955199,0.826427844,0.799638832,0.836811274,0.75624322,0.791623534,0.682272174,0.671354023,0.637769563,0.55255358,sabra
CHL,Chile,0.374217445,0.260161823,0.154972617,0.054075007,-0.008387346,-0.048809578,-0.130078823,-0.079357252,-0.083534906,-0.116559113,-0.108996876,-0.113486099,-0.078494905,-0.087127339,0.080559209,0.098120086,0.053537272,-0.026851496,-0.0801494,-0.096920584,-0.079381504,-0.082518774,sachl
COL,Colombia,0.302836978,0.239319619,0.21414939,0.279030649,0.230473071,0.20002705,0.134217833,0.107649164,0.146491869,0.105977831,0.092522401,0.060485468,0.055092499,0.091990615,0.171977766,0.191419905,0.311555926,0.232867601,0.253890808,0.300107208,0.305979049,0.320230446,sacol
ECU,Ecuador,-0.53075497,-0.518305715,-0.611315618,-0.662432428,-0.847991796,-0.786171977,-0.818439521,-0.748286794,-0.644809242,-0.628510605,-0.72943191,-0.782310036,-0.642586261,-0.601299524,-0.438055765,-0.44375699,-0.50209135,-0.683868584,-0.885265944,-0.841502561,-0.658239345,-0.74924031,saecu
PER,Peru,-0.388814716,-0.440031496,-0.493855635,-0.476909331,-0.411919287,-0.633195702,-0.768608469,-0.768993079,-0.760196585,-0.695984237,-0.658716095,-0.675266296,-0.718867131,-0.754332001,-0.528783738,-0.48328949,-0.411677704,-0.505636643,-0.521883626,-0.536588683,-0.500220673,-0.498420706,saper
PRY,Paraguay,-0.409220522,-0.379877369,-0.483574466,-0.627367002,-0.738529967,-0.690314932,-0.521663056,-0.583995339,-0.690323965,-0.719338817,-0.67693784,-0.758478431,-0.787195206,-0.788086115,-0.658030098,-0.472446912,-0.404655385,-0.540869867,-0.605250999,-0.417684078,-0.415205167,-0.385844753,sapry
URY,Uruguay,0.479263611,0.431710066,0.436703059,0.428849348,0.352497569,0.216403499,0.25474693,0.404253835,0.353653087,0.23635418,0.173916034,0.1965165,0.183171319,0.159172679,0.202119731,0.270574217,0.245369129,0.239101155,0.256269048,0.289971815,0.155968354,0.106017232,saury
VEN,Venezuela,0.451217074,0.396216247,0.262142277,0.219093732,0.237757513,0.150321127,0.101115451,0.157491997,0.134169666,0.226474718,0.182263441,0.162742814,0.219868989,-0.045814466,-0.19517933,-0.314428735,-0.400005382,-0.310345067,-0.527201524,-0.488222326,-0.524389096,-0.729377701,saven
