countrycode,Country,year,eci
AGO,Angola,2019,-1.433956236
BDI,Burundi,2019,-0.644410238
BEN,Benin,2019,-0.542317422
BFA,Burkina Faso,2019,-1.423444965
BWA,Botswana,2019,-0.329787298
CAF,Central African Republic,2019,-0.249997356
CIV,Cote d'Ivoire,2019,-0.921774918
CMR,Cameroon,2019,-1.134707495
COD,Democratic Republic of the Congo,2019,-1.666381875
COG,Republic of the Congo,2019,-1.091640735
DZA,Algeria,2019,-0.920561949
EGY,Egypt,2019,0.002519478
ETH,Ethiopia,2019,-0.716497012
GAB,Gabon,2019,-1.404962325
GHA,Ghana,2019,-1.250012022
GIN,Guinea,2019,-1.675125579
GMB,Gambia,2019,-0.758258584
GNB,Guinea-Bissau,2019,-2.319399618
GNQ,Equatorial Guinea,2019,-2.026265627
KEN,Kenya,2019,-0.403245218
LBR,Liberia,2019,-1.283560116
LBY,Libya,2019,-1.247857283
LSO,Lesotho,2019,-0.790545373
MAR,Morocco,2019,-0.410553186
MDG,Madagascar,2019,-1.085599777
MLI,Mali,2019,-1.033696659
MOZ,Mozambique,2019,-1.184018717
MRT,Mauritania,2019,-1.232139297
MUS,Mauritius,2019,-0.19122678
MWI,Malawi,2019,-0.571249864
NAM,Namibia,2019,-0.563580746
NER,Niger,2019,-0.548746535
NGA,Nigeria,2019,-1.55083044
RWA,Rwanda,2019,-0.696520223
SDN,Sudan,2019,-1.402973171
SEN,Senegal,2019,-0.60335786
SLE,Sierra Leone,2019,-0.013814888
SOM,Somalia,2019,-1.084950407
SSD,South Sudan,2019,-2.139742917
SWZ,Eswatini,2019,0.02784057
TCD,Chad,2019,-1.856224422
TGO,Togo,2019,-0.795681198
TUN,Tunisia,2019,0.222321986
TZA,Tanzania,2019,-0.50457597
UGA,Uganda,2019,-0.770722494
ZAF,South Africa,2019,0.272948558
ZMB,Zambia,2019,-0.634893833
ZWE,Zimbabwe,2019,-0.720299701
AFG,Afghanistan,2019,-1.036977381
ARE,United Arab Emirates,2019,0.307572086
ARM,Armenia,2019,-0.276241556
AZE,Azerbaijan,2019,-0.389182485
BGD,Bangladesh,2019,-0.95631519
BHR,Bahrain,2019,0.511173401
CHN,China,2019,1.057777479
CYP,Cyprus,2019,0.570461601
GEO,Georgia,2019,0.128883458
HKG,Hong Kong,2019,1.059105317
IDN,Indonesia,2019,0.077927882
IND,India,2019,0.630226824
IRN,Iran,2019,0.042461993
IRQ,Iraq,2019,-0.404271828
ISR,Israel,2019,1.272339681
JOR,Jordan,2019,0.077236548
JPN,Japan,2019,2.267671687
KAZ,Kazakhstan,2019,-0.081392303
KGZ,Kyrgyzstan,2019,-0.048880428
KHM,Cambodia,2019,-0.730849633
KOR,South Korea,2019,1.950841546
KWT,Kuwait,2019,0.209757451
LAO,Laos,2019,-0.815928133
LBN,Lebanon,2019,0.290623338
LKA,Sri Lanka,2019,-0.439817969
MMR,Burma,2019,-0.943394755
MNG,Mongolia,2019,-1.049922205
MYS,Malaysia,2019,1.13944558
NPL,Nepal,2019,-0.439461648
OMN,Oman,2019,-0.18995672
PAK,Pakistan,2019,-0.558947282
PHL,Philippines,2019,0.678913676
PRK,North Korea,2019,0.318731542
PSE,Palestine,2019,0.284314841
QAT,Qatar,2019,0.071501262
SAU,Saudi Arabia,2019,1.002085983
SGP,Singapore,2019,1.827773877
SYR,Syria,2019,-0.380066494
THA,Thailand,2019,1.050624027
TJK,Tajikistan,2019,-0.659146989
TKM,Turkmenistan,2019,-0.609977255
TLS,Timor-Leste,2019,-0.252066172
TUR,Turkey,2019,0.694143925
UZB,Uzbekistan,2019,-0.398341208
VNM,Vietnam,2019,0.112720472
XXB,Chinese Taipei,2019,2.079872321
YEM,Yemen,2019,-1.272715233
ALB,Albania,2019,-0.243741987
AUT,Austria,2019,1.647109144
BEL,Belgium,2019,1.394342633
BGR,Bulgaria,2019,0.605985705
BIH,Bosnia and Herzegovina,2019,0.695542521
BLR,Belarus,2019,0.931498174
CHE,Switzerland,2019,2.014323148
CZE,Czechia,2019,1.726767793
DEU,Germany,2019,1.97538289
DNK,Denmark,2019,1.108467307
ESP,Spain,2019,0.895208957
EST,Estonia,2019,1.080069039
FIN,Finland,2019,1.576241299
FRA,France,2019,1.445330497
GBR,United Kingdom,2019,1.503359464
GRC,Greece,2019,0.384219536
HRV,Croatia,2019,0.85087768
HUN,Hungary,2019,1.521588641
IRL,Ireland,2019,1.36696949
ITA,Italy,2019,1.40226495
LTU,Lithuania,2019,1.009842413
LVA,Latvia,2019,0.914061676
MDA,Moldova,2019,-0.032150862
MKD,North Macedonia,2019,0.180420059
NLD,Netherlands,2019,1.236259651
NOR,Norway,2019,0.844653082
POL,Poland,2019,1.184334892
PRT,Portugal,2019,0.576123295
ROU,Romania,2019,1.145977206
RUS,Russia,2019,0.636662962
SRB,Serbia,2019,0.781705185
SVK,Slovakia,2019,1.455523155
SVN,Slovenia,2019,1.566997095
SWE,Sweden,2019,1.693374528
UKR,Ukraine,2019,0.648841157
CAN,Canada,2019,1.056816372
CRI,Costa Rica,2019,0.36117809
CUB,Cuba,2019,-0.674475342
DOM,Dominican Republic,2019,-0.050617873
GTM,Guatemala,2019,-0.204116424
HND,Honduras,2019,-0.430782913
HTI,Haiti,2019,-1.113207071
JAM,Jamaica,2019,-0.238220698
MEX,Mexico,2019,1.272253275
NIC,Nicaragua,2019,-0.939010057
PAN,Panama,2019,0.224005571
SLV,El Salvador,2019,0.045282451
TTO,Trinidad and Tobago,2019,0.206034444
USA,United States,2019,1.630986474
AUS,Australia,2019,-0.155126659
NZL,New Zealand,2019,0.508523481
PNG,Papua New Guinea,2019,-1.611470198
ARG,Argentina,2019,0.225680508
BOL,Bolivia,2019,-0.847422014
BRA,Brazil,2019,0.55255358
CHL,Chile,2019,-0.082518774
COL,Colombia,2019,0.320230446
ECU,Ecuador,2019,-0.74924031
PER,Peru,2019,-0.498420706
PRY,Paraguay,2019,-0.385844753
URY,Uruguay,2019,0.106017232
VEN,Venezuela,2019,-0.729377701
AGO,Angola,2018,-1.3471794
BDI,Burundi,2018,-0.862054399
BEN,Benin,2018,-0.638806644
BFA,Burkina Faso,2018,-1.537978534
BWA,Botswana,2018,-0.428186817
CAF,Central African Republic,2018,-0.221983386
CIV,Cote d'Ivoire,2018,-0.90385519
CMR,Cameroon,2018,-1.104475466
COD,Democratic Republic of the Congo,2018,-1.78018876
COG,Republic of the Congo,2018,-0.932771529
DZA,Algeria,2018,-0.857495742
EGY,Egypt,2018,0.015235982
ETH,Ethiopia,2018,-0.656146866
GAB,Gabon,2018,-1.306961253
GHA,Ghana,2018,-1.193351637
GIN,Guinea,2018,-1.726732115
GMB,Gambia,2018,-1.025700701
GNB,Guinea-Bissau,2018,-1.757946322
GNQ,Equatorial Guinea,2018,-2.116988432
KEN,Kenya,2018,-0.386237889
LBR,Liberia,2018,-1.126020496
LBY,Libya,2018,-1.223159365
LSO,Lesotho,2018,-0.810400032
MAR,Morocco,2018,-0.497242878
MDG,Madagascar,2018,-1.153192431
MLI,Mali,2018,-0.84495061
MOZ,Mozambique,2018,-1.176654003
MRT,Mauritania,2018,-1.126121577
MUS,Mauritius,2018,-0.206511156
MWI,Malawi,2018,-0.451603033
NAM,Namibia,2018,-0.514891018
NER,Niger,2018,-0.5829473
NGA,Nigeria,2018,-1.718222627
RWA,Rwanda,2018,-0.72617882
SDN,Sudan,2018,-1.404418092
SEN,Senegal,2018,-0.51987436
SLE,Sierra Leone,2018,-0.131979212
SOM,Somalia,2018,-1.282467611
SSD,South Sudan,2018,-2.139084025
SWZ,Eswatini,2018,0.207449881
TCD,Chad,2018,-1.631208386
TGO,Togo,2018,-0.665845985
TUN,Tunisia,2018,0.202784034
TZA,Tanzania,2018,-0.478053962
UGA,Uganda,2018,-0.671820551
ZAF,South Africa,2018,0.227995604
ZMB,Zambia,2018,-0.698844394
ZWE,Zimbabwe,2018,-0.714447695
AFG,Afghanistan,2018,-1.114901905
ARE,United Arab Emirates,2018,0.220620219
ARM,Armenia,2018,-0.224837979
AZE,Azerbaijan,2018,-0.495053209
BGD,Bangladesh,2018,-1.02377313
BHR,Bahrain,2018,0.49021912
CHN,China,2018,1.056672554
CYP,Cyprus,2018,0.603008854
GEO,Georgia,2018,0.079641463
HKG,Hong Kong,2018,1.056641807
IDN,Indonesia,2018,0.035385426
IND,India,2018,0.624286618
IRN,Iran,2018,0.081963539
IRQ,Iraq,2018,-0.68844421
ISR,Israel,2018,1.268747057
JOR,Jordan,2018,0.060807543
JPN,Japan,2018,2.294850313
KAZ,Kazakhstan,2018,-0.045529792
KGZ,Kyrgyzstan,2018,0.008057601
KHM,Cambodia,2018,-0.736755302
KOR,South Korea,2018,1.978149661
KWT,Kuwait,2018,0.26746129
LAO,Laos,2018,-0.833339852
LBN,Lebanon,2018,0.314557922
LKA,Sri Lanka,2018,-0.483025668
MMR,Burma,2018,-0.938001729
MNG,Mongolia,2018,-0.867724786
MYS,Malaysia,2018,1.164898438
NPL,Nepal,2018,-0.397228303
OMN,Oman,2018,-0.171988234
PAK,Pakistan,2018,-0.567711606
PHL,Philippines,2018,0.805814722
PRK,North Korea,2018,0.05324121
PSE,Palestine,2018,0.235660128
QAT,Qatar,2018,-0.045998609
SAU,Saudi Arabia,2018,0.921146701
SGP,Singapore,2018,1.846896038
SYR,Syria,2018,-0.373837317
THA,Thailand,2018,1.093442585
TJK,Tajikistan,2018,-0.675979079
TKM,Turkmenistan,2018,-0.738826473
TLS,Timor-Leste,2018,-0.412551154
TUR,Turkey,2018,0.642479701
UZB,Uzbekistan,2018,-0.408565276
VNM,Vietnam,2018,0.119214027
XXB,Chinese Taipei,2018,2.071512226
YEM,Yemen,2018,-1.377022264
ALB,Albania,2018,-0.298258705
AUT,Austria,2018,1.62739013
BEL,Belgium,2018,1.383927529
BGR,Bulgaria,2018,0.609378761
BIH,Bosnia and Herzegovina,2018,0.695665178
BLR,Belarus,2018,0.89179212
CHE,Switzerland,2018,2.08410501
CZE,Czechia,2018,1.753831999
DEU,Germany,2018,1.98762345
DNK,Denmark,2018,1.098779196
ESP,Spain,2018,0.899340311
EST,Estonia,2018,1.10344274
FIN,Finland,2018,1.596909103
FRA,France,2018,1.466081044
GBR,United Kingdom,2018,1.536946014
GRC,Greece,2018,0.387569284
HRV,Croatia,2018,0.84372161
HUN,Hungary,2018,1.565660823
IRL,Ireland,2018,1.375847665
ITA,Italy,2018,1.397830961
LTU,Lithuania,2018,0.974491057
LVA,Latvia,2018,0.891684873
MDA,Moldova,2018,0.021856585
MKD,North Macedonia,2018,0.090913545
NLD,Netherlands,2018,1.258792434
NOR,Norway,2018,0.845220899
POL,Poland,2018,1.177267534
PRT,Portugal,2018,0.558970538
ROU,Romania,2018,1.123582348
RUS,Russia,2018,0.630809632
SRB,Serbia,2018,0.793227229
SVK,Slovakia,2018,1.466750715
SVN,Slovenia,2018,1.586520252
SWE,Sweden,2018,1.709685904
UKR,Ukraine,2018,0.677048144
CAN,Canada,2018,1.010313992
CRI,Costa Rica,2018,0.330336388
CUB,Cuba,2018,-0.548136927
DOM,Dominican Republic,2018,-0.084748713
GTM,Guatemala,2018,-0.211962736
HND,Honduras,2018,-0.398897256
HTI,Haiti,2018,-1.087188003
JAM,Jamaica,2018,-0.180250521
MEX,Mexico,2018,1.307700716
NIC,Nicaragua,2018,-0.996936509
PAN,Panama,2018,0.315410598
SLV,El Salvador,2018,0.047252595
TTO,Trinidad and Tobago,2018,0.079707898
USA,United States,2018,1.644027404
AUS,Australia,2018,-0.126689372
NZL,New Zealand,2018,0.460137122
PNG,Papua New Guinea,2018,-1.872460748
ARG,Argentina,2018,0.223466405
BOL,Bolivia,2018,-0.794335104
BRA,Brazil,2018,0.637769563
CHL,Chile,2018,-0.079381504
COL,Colombia,2018,0.305979049
ECU,Ecuador,2018,-0.658239345
PER,Peru,2018,-0.500220673
PRY,Paraguay,2018,-0.415205167
URY,Uruguay,2018,0.155968354
VEN,Venezuela,2018,-0.524389096
AGO,Angola,2017,-1.410296645
BDI,Burundi,2017,-0.81600499
BEN,Benin,2017,-0.470964194
BFA,Burkina Faso,2017,-1.502130826
BWA,Botswana,2017,-0.429557345
CAF,Central African Republic,2017,-0.17612149
CIV,Cote d'Ivoire,2017,-0.876271528
CMR,Cameroon,2017,-0.852182445
COD,Democratic Republic of the Congo,2017,-1.742328591
COG,Republic of the Congo,2017,-0.8892603
DZA,Algeria,2017,-0.906138483
EGY,Egypt,2017,0.004092771
ETH,Ethiopia,2017,-0.834853394
GAB,Gabon,2017,-1.646763243
GHA,Ghana,2017,-0.997158917
GIN,Guinea,2017,-1.639721524
GMB,Gambia,2017,-1.026064968
GNB,Guinea-Bissau,2017,-1.591741088
GNQ,Equatorial Guinea,2017,-1.969019483
KEN,Kenya,2017,-0.487781356
LBR,Liberia,2017,-1.085002353
LBY,Libya,2017,-0.84749547
LSO,Lesotho,2017,-0.906260612
MAR,Morocco,2017,-0.538693837
MDG,Madagascar,2017,-1.150262352
MLI,Mali,2017,-0.845207634
MOZ,Mozambique,2017,-1.272873465
MRT,Mauritania,2017,-0.98720695
MUS,Mauritius,2017,-0.336693261
MWI,Malawi,2017,-0.500981299
NAM,Namibia,2017,-0.545443441
NER,Niger,2017,-0.799789861
NGA,Nigeria,2017,-1.721453373
RWA,Rwanda,2017,-0.624639743
SDN,Sudan,2017,-1.441968146
SEN,Senegal,2017,-0.430794803
SLE,Sierra Leone,2017,0.005190557
SOM,Somalia,2017,-1.306740859
SSD,South Sudan,2017,-2.180015231
SWZ,Eswatini,2017,0.344696299
TCD,Chad,2017,-1.473370023
TGO,Togo,2017,-0.653733545
TUN,Tunisia,2017,0.17965721
TZA,Tanzania,2017,-1.010083881
UGA,Uganda,2017,-0.571220965
ZAF,South Africa,2017,0.283625546
ZMB,Zambia,2017,-0.606477727
ZWE,Zimbabwe,2017,-0.743908717
AFG,Afghanistan,2017,-1.026766217
ARE,United Arab Emirates,2017,0.189234901
ARM,Armenia,2017,-0.096628365
AZE,Azerbaijan,2017,-0.394509311
BGD,Bangladesh,2017,-1.077079606
BHR,Bahrain,2017,0.426456889
CHN,China,2017,1.035202681
CYP,Cyprus,2017,0.6200239
GEO,Georgia,2017,0.052795222
HKG,Hong Kong,2017,1.010878802
IDN,Indonesia,2017,0.004600531
IND,India,2017,0.608377438
IRN,Iran,2017,0.081905391
IRQ,Iraq,2017,-0.984811662
ISR,Israel,2017,1.33623746
JOR,Jordan,2017,0.024352596
JPN,Japan,2017,2.314818449
KAZ,Kazakhstan,2017,-0.038431089
KGZ,Kyrgyzstan,2017,0.071836613
KHM,Cambodia,2017,-0.715956376
KOR,South Korea,2017,1.9499938
KWT,Kuwait,2017,0.191371115
LAO,Laos,2017,-0.836236697
LBN,Lebanon,2017,0.365872307
LKA,Sri Lanka,2017,-0.477704472
MMR,Burma,2017,-1.058103057
MNG,Mongolia,2017,-0.868844087
MYS,Malaysia,2017,1.149549973
NPL,Nepal,2017,-0.357075099
OMN,Oman,2017,-0.11132366
PAK,Pakistan,2017,-0.613110211
PHL,Philippines,2017,0.715072427
PRK,North Korea,2017,-0.192650015
PSE,Palestine,2017,0.183137837
QAT,Qatar,2017,0.189632046
SAU,Saudi Arabia,2017,0.812004328
SGP,Singapore,2017,1.836976523
SYR,Syria,2017,-0.325885568
THA,Thailand,2017,1.057978853
TJK,Tajikistan,2017,-0.569043479
TKM,Turkmenistan,2017,-0.755183241
TLS,Timor-Leste,2017,-0.607156604
TUR,Turkey,2017,0.590716493
UZB,Uzbekistan,2017,-0.46743725
VNM,Vietnam,2017,0.019063255
XXB,Chinese Taipei,2017,2.062518301
YEM,Yemen,2017,-1.045132512
ALB,Albania,2017,-0.382655169
AUT,Austria,2017,1.661032376
BEL,Belgium,2017,1.396960065
BGR,Bulgaria,2017,0.629497944
BIH,Bosnia and Herzegovina,2017,0.630763877
BLR,Belarus,2017,0.891815981
CHE,Switzerland,2017,2.117469203
CZE,Czechia,2017,1.757272497
DEU,Germany,2017,2.028588515
DNK,Denmark,2017,1.146600231
ESP,Spain,2017,0.886089076
EST,Estonia,2017,1.085936929
FIN,Finland,2017,1.601889689
FRA,France,2017,1.507437882
GBR,United Kingdom,2017,1.569679796
GRC,Greece,2017,0.424701825
HRV,Croatia,2017,0.825800058
HUN,Hungary,2017,1.577574953
IRL,Ireland,2017,1.422835219
ITA,Italy,2017,1.412860047
LTU,Lithuania,2017,0.897333866
LVA,Latvia,2017,0.83265191
MDA,Moldova,2017,-0.072357632
MKD,North Macedonia,2017,0.039161787
NLD,Netherlands,2017,1.292221002
NOR,Norway,2017,0.928210231
POL,Poland,2017,1.182066118
PRT,Portugal,2017,0.521414982
ROU,Romania,2017,1.103227138
RUS,Russia,2017,0.606696101
SRB,Serbia,2017,0.742371976
SVK,Slovakia,2017,1.455199062
SVN,Slovenia,2017,1.613368522
SWE,Sweden,2017,1.750057913
UKR,Ukraine,2017,0.680245782
CAN,Canada,2017,1.042536282
CRI,Costa Rica,2017,0.31685365
CUB,Cuba,2017,-0.415332939
DOM,Dominican Republic,2017,-0.120335099
GTM,Guatemala,2017,-0.217211477
HND,Honduras,2017,-0.466624367
HTI,Haiti,2017,-1.169704812
JAM,Jamaica,2017,-0.180990845
MEX,Mexico,2017,1.371286444
NIC,Nicaragua,2017,-1.071078558
PAN,Panama,2017,0.361997757
SLV,El Salvador,2017,0.038323644
TTO,Trinidad and Tobago,2017,-0.047790242
USA,United States,2017,1.695069512
AUS,Australia,2017,-0.091975795
NZL,New Zealand,2017,0.4433918
PNG,Papua New Guinea,2017,-1.896376206
ARG,Argentina,2017,0.315937229
BOL,Bolivia,2017,-0.806634117
BRA,Brazil,2017,0.671354023
CHL,Chile,2017,-0.096920584
COL,Colombia,2017,0.300107208
ECU,Ecuador,2017,-0.841502561
PER,Peru,2017,-0.536588683
PRY,Paraguay,2017,-0.417684078
URY,Uruguay,2017,0.289971815
VEN,Venezuela,2017,-0.488222326
AGO,Angola,2016,-1.286406783
BDI,Burundi,2016,-0.465612264
BEN,Benin,2016,-0.45252956
BFA,Burkina Faso,2016,-1.28657686
BWA,Botswana,2016,-0.515960573
CAF,Central African Republic,2016,0.219395607
CIV,Cote d'Ivoire,2016,-0.796001838
CMR,Cameroon,2016,-0.703803741
COD,Democratic Republic of the Congo,2016,-1.768778015
COG,Republic of the Congo,2016,-1.089750874
DZA,Algeria,2016,-0.965212485
EGY,Egypt,2016,-0.07803958
ETH,Ethiopia,2016,-0.951215662
GAB,Gabon,2016,-1.678672524
GHA,Ghana,2016,-0.900803266
GIN,Guinea,2016,-1.673440245
GMB,Gambia,2016,-0.612554284
GNB,Guinea-Bissau,2016,-1.350530798
GNQ,Equatorial Guinea,2016,-2.154537247
KEN,Kenya,2016,-0.468924244
LBR,Liberia,2016,-1.084591636
LBY,Libya,2016,-1.024637493
LSO,Lesotho,2016,-0.964797132
MAR,Morocco,2016,-0.610360132
MDG,Madagascar,2016,-1.26347238
MLI,Mali,2016,-1.081783236
MOZ,Mozambique,2016,-1.253359834
MRT,Mauritania,2016,-0.926922355
MUS,Mauritius,2016,-0.352588078
MWI,Malawi,2016,-0.498434965
NAM,Namibia,2016,-0.372263561
NER,Niger,2016,-0.840256962
NGA,Nigeria,2016,-1.295566396
RWA,Rwanda,2016,-0.497812817
SDN,Sudan,2016,-1.442033618
SEN,Senegal,2016,-0.445352199
SLE,Sierra Leone,2016,-0.400901255
SOM,Somalia,2016,-1.21878999
SSD,South Sudan,2016,-2.242331051
SWZ,Eswatini,2016,0.304680044
TCD,Chad,2016,-1.311572741
TGO,Togo,2016,-0.547486938
TUN,Tunisia,2016,0.102124032
TZA,Tanzania,2016,-0.977170554
UGA,Uganda,2016,-0.364648522
ZAF,South Africa,2016,0.301323525
ZMB,Zambia,2016,-0.589883663
ZWE,Zimbabwe,2016,-0.669967351
AFG,Afghanistan,2016,-0.791723111
ARE,United Arab Emirates,2016,0.24147919
ARM,Armenia,2016,0.045020423
AZE,Azerbaijan,2016,-0.490299888
BGD,Bangladesh,2016,-1.220482907
BHR,Bahrain,2016,0.430579178
CHN,China,2016,0.989290797
CYP,Cyprus,2016,0.630199826
GEO,Georgia,2016,0.126854745
HKG,Hong Kong,2016,0.98594031
IDN,Indonesia,2016,0.001474094
IND,India,2016,0.550985269
IRN,Iran,2016,0.126795543
IRQ,Iraq,2016,-1.013451101
ISR,Israel,2016,1.381284159
JOR,Jordan,2016,0.019358123
JPN,Japan,2016,2.360299585
KAZ,Kazakhstan,2016,0.097848945
KGZ,Kyrgyzstan,2016,0.049519522
KHM,Cambodia,2016,-0.932783747
KOR,South Korea,2016,1.977742659
KWT,Kuwait,2016,0.26292843
LAO,Laos,2016,-0.951097197
LBN,Lebanon,2016,0.343714671
LKA,Sri Lanka,2016,-0.584619242
MMR,Burma,2016,-1.313394437
MNG,Mongolia,2016,-0.781510215
MYS,Malaysia,2016,1.136505172
NPL,Nepal,2016,-0.341211366
OMN,Oman,2016,-0.135619003
PAK,Pakistan,2016,-0.689291829
PHL,Philippines,2016,0.557589379
PRK,North Korea,2016,-0.140476301
PSE,Palestine,2016,0.16449787
QAT,Qatar,2016,0.338427432
SAU,Saudi Arabia,2016,0.880591279
SGP,Singapore,2016,1.866243566
SYR,Syria,2016,-0.260444827
THA,Thailand,2016,1.059928526
TJK,Tajikistan,2016,-0.72492152
TKM,Turkmenistan,2016,-0.907842453
TLS,Timor-Leste,2016,-0.482357625
TUR,Turkey,2016,0.523595209
UZB,Uzbekistan,2016,-0.611714118
VNM,Vietnam,2016,-0.065754413
XXB,Chinese Taipei,2016,2.044953999
YEM,Yemen,2016,-0.726747046
ALB,Albania,2016,-0.551504013
AUT,Austria,2016,1.674414701
BEL,Belgium,2016,1.400728672
BGR,Bulgaria,2016,0.563689871
BIH,Bosnia and Herzegovina,2016,0.57302473
BLR,Belarus,2016,0.900793934
CHE,Switzerland,2016,2.131169881
CZE,Czechia,2016,1.776072335
DEU,Germany,2016,2.055519315
DNK,Denmark,2016,1.148390805
ESP,Spain,2016,0.910816948
EST,Estonia,2016,1.04715945
FIN,Finland,2016,1.618409104
FRA,France,2016,1.506082518
GBR,United Kingdom,2016,1.622214804
GRC,Greece,2016,0.342973851
HRV,Croatia,2016,0.829727683
HUN,Hungary,2016,1.583674522
IRL,Ireland,2016,1.460903336
ITA,Italy,2016,1.402230622
LTU,Lithuania,2016,0.839697239
LVA,Latvia,2016,0.785538265
MDA,Moldova,2016,-0.105724802
MKD,North Macedonia,2016,-0.104072465
NLD,Netherlands,2016,1.298214567
NOR,Norway,2016,1.004160298
POL,Poland,2016,1.16213449
PRT,Portugal,2016,0.511243809
ROU,Romania,2016,0.996188617
RUS,Russia,2016,0.637898281
SRB,Serbia,2016,0.694552892
SVK,Slovakia,2016,1.436238595
SVN,Slovenia,2016,1.612967599
SWE,Sweden,2016,1.799999476
UKR,Ukraine,2016,0.703228634
CAN,Canada,2016,1.037068303
CRI,Costa Rica,2016,0.360129397
CUB,Cuba,2016,-0.439703942
DOM,Dominican Republic,2016,-0.176012794
GTM,Guatemala,2016,-0.304252827
HND,Honduras,2016,-0.439101298
HTI,Haiti,2016,-1.348419084
JAM,Jamaica,2016,-0.234167121
MEX,Mexico,2016,1.342303874
NIC,Nicaragua,2016,-1.179108121
PAN,Panama,2016,0.348770132
SLV,El Salvador,2016,-0.138809875
TTO,Trinidad and Tobago,2016,-0.157176658
USA,United States,2016,1.725421942
AUS,Australia,2016,0.027076376
NZL,New Zealand,2016,0.509348492
PNG,Papua New Guinea,2016,-1.787987672
ARG,Argentina,2016,0.39235094
BOL,Bolivia,2016,-0.858262226
BRA,Brazil,2016,0.682272174
CHL,Chile,2016,-0.0801494
COL,Colombia,2016,0.253890808
ECU,Ecuador,2016,-0.885265944
PER,Peru,2016,-0.521883626
PRY,Paraguay,2016,-0.605250999
URY,Uruguay,2016,0.256269048
VEN,Venezuela,2016,-0.527201524
AGO,Angola,2015,-1.499907217
BDI,Burundi,2015,-0.187965893
BEN,Benin,2015,-0.382453054
BFA,Burkina Faso,2015,-1.096425467
BWA,Botswana,2015,-0.334495573
CAF,Central African Republic,2015,0.490116913
CIV,Cote d'Ivoire,2015,-0.807985261
CMR,Cameroon,2015,-0.767678184
COD,Democratic Republic of the Congo,2015,-1.343236338
COG,Republic of the Congo,2015,-1.294816384
DZA,Algeria,2015,-0.971747472
EGY,Egypt,2015,-0.090891892
ETH,Ethiopia,2015,-0.933184918
GAB,Gabon,2015,-1.405800313
GHA,Ghana,2015,-0.852511929
GIN,Guinea,2015,-1.374475488
GMB,Gambia,2015,-0.559494161
GNB,Guinea-Bissau,2015,-2.051015863
GNQ,Equatorial Guinea,2015,-2.150861704
KEN,Kenya,2015,-0.399892408
LBR,Liberia,2015,-0.86609952
LBY,Libya,2015,-1.32211821
LSO,Lesotho,2015,-1.126987306
MAR,Morocco,2015,-0.565175858
MDG,Madagascar,2015,-1.12302561
MLI,Mali,2015,-1.29182501
MOZ,Mozambique,2015,-1.061899136
MRT,Mauritania,2015,-1.091551239
MUS,Mauritius,2015,-0.34942527
MWI,Malawi,2015,-0.455547876
NAM,Namibia,2015,-0.247266295
NER,Niger,2015,-0.8302706
NGA,Nigeria,2015,-1.37439453
RWA,Rwanda,2015,-0.384441983
SDN,Sudan,2015,-1.364278027
SEN,Senegal,2015,-0.385496168
SLE,Sierra Leone,2015,-0.418469965
SOM,Somalia,2015,-1.159551461
SSD,South Sudan,2015,-2.984955622
SWZ,Eswatini,2015,0.174536579
TCD,Chad,2015,-2.257337844
TGO,Togo,2015,-0.518181707
TUN,Tunisia,2015,0.098048174
TZA,Tanzania,2015,-0.915272526
UGA,Uganda,2015,-0.287948305
ZAF,South Africa,2015,0.37030428
ZMB,Zambia,2015,-0.278081389
ZWE,Zimbabwe,2015,-0.617072485
AFG,Afghanistan,2015,-0.718820174
ARE,United Arab Emirates,2015,0.171280727
ARM,Armenia,2015,0.065671951
AZE,Azerbaijan,2015,-0.488946987
BGD,Bangladesh,2015,-1.208527451
BHR,Bahrain,2015,0.340939777
CHN,China,2015,0.959441742
CYP,Cyprus,2015,0.613268071
GEO,Georgia,2015,0.092727791
HKG,Hong Kong,2015,0.91039196
IDN,Indonesia,2015,-0.073276448
IND,India,2015,0.480447848
IRN,Iran,2015,0.181326916
IRQ,Iraq,2015,-0.49360491
ISR,Israel,2015,1.354018295
JOR,Jordan,2015,0.118613189
JPN,Japan,2015,2.262751543
KAZ,Kazakhstan,2015,0.062403528
KGZ,Kyrgyzstan,2015,-0.008131578
KHM,Cambodia,2015,-1.006963786
KOR,South Korea,2015,1.867005936
KWT,Kuwait,2015,0.34700188
LAO,Laos,2015,-0.95306364
LBN,Lebanon,2015,0.385509068
LKA,Sri Lanka,2015,-0.582046322
MMR,Burma,2015,-1.390131508
MNG,Mongolia,2015,-0.96682552
MYS,Malaysia,2015,1.099889663
NPL,Nepal,2015,-0.364210609
OMN,Oman,2015,-0.139053803
PAK,Pakistan,2015,-0.694186969
PHL,Philippines,2015,0.488594598
PRK,North Korea,2015,-0.069825892
PSE,Palestine,2015,0.209596749
QAT,Qatar,2015,0.326026418
SAU,Saudi Arabia,2015,0.95910979
SGP,Singapore,2015,1.749778092
SYR,Syria,2015,-0.056273579
THA,Thailand,2015,0.959251607
TJK,Tajikistan,2015,-0.608018218
TKM,Turkmenistan,2015,-1.133031288
TLS,Timor-Leste,2015,-0.051624103
TUR,Turkey,2015,0.497199242
UZB,Uzbekistan,2015,-0.540018478
VNM,Vietnam,2015,-0.140319543
XXB,Chinese Taipei,2015,1.932330252
YEM,Yemen,2015,-0.749310852
ALB,Albania,2015,-0.546466543
AUT,Austria,2015,1.618575823
BEL,Belgium,2015,1.398161801
BGR,Bulgaria,2015,0.542326001
BIH,Bosnia and Herzegovina,2015,0.535871447
BLR,Belarus,2015,0.993559582
CHE,Switzerland,2015,2.025694954
CZE,Czechia,2015,1.719930863
DEU,Germany,2015,1.980153458
DNK,Denmark,2015,1.113989197
ESP,Spain,2015,0.893949084
EST,Estonia,2015,0.961897454
FIN,Finland,2015,1.631065036
FRA,France,2015,1.470321394
GBR,United Kingdom,2015,1.584909709
GRC,Greece,2015,0.353587689
HRV,Croatia,2015,0.793730638
HUN,Hungary,2015,1.526651613
IRL,Ireland,2015,1.429034001
ITA,Italy,2015,1.369352835
LTU,Lithuania,2015,0.81579206
LVA,Latvia,2015,0.699417301
MDA,Moldova,2015,-0.00493099
MKD,North Macedonia,2015,-0.0701112
NLD,Netherlands,2015,1.258002803
NOR,Norway,2015,1.023689232
POL,Poland,2015,1.136504959
PRT,Portugal,2015,0.47377756
ROU,Romania,2015,0.929247378
RUS,Russia,2015,0.646547209
SRB,Serbia,2015,0.678240089
SVK,Slovakia,2015,1.391462912
SVN,Slovenia,2015,1.503956901
SWE,Sweden,2015,1.773899568
UKR,Ukraine,2015,0.75796462
CAN,Canada,2015,1.054728899
CRI,Costa Rica,2015,0.370359828
CUB,Cuba,2015,-0.130142112
DOM,Dominican Republic,2015,-0.165979385
GTM,Guatemala,2015,-0.27734557
HND,Honduras,2015,-0.498622683
HTI,Haiti,2015,-1.351188468
JAM,Jamaica,2015,-0.271532597
MEX,Mexico,2015,1.306123442
NIC,Nicaragua,2015,-1.063701327
PAN,Panama,2015,0.343700931
SLV,El Salvador,2015,-0.125723528
TTO,Trinidad and Tobago,2015,-0.208714345
USA,United States,2015,1.691079564
AUS,Australia,2015,-0.02015472
NZL,New Zealand,2015,0.529412526
PNG,Papua New Guinea,2015,-1.739230476
ARG,Argentina,2015,0.476392705
BOL,Bolivia,2015,-0.875097215
BRA,Brazil,2015,0.791623534
CHL,Chile,2015,-0.026851496
COL,Colombia,2015,0.232867601
ECU,Ecuador,2015,-0.683868584
PER,Peru,2015,-0.505636643
PRY,Paraguay,2015,-0.540869867
URY,Uruguay,2015,0.239101155
VEN,Venezuela,2015,-0.310345067
AGO,Angola,2014,-1.726641073
BDI,Burundi,2014,-0.110682838
BEN,Benin,2014,-0.535507012
BFA,Burkina Faso,2014,-1.008633534
BWA,Botswana,2014,-0.341223402
CAF,Central African Republic,2014,0.267472171
CIV,Cote d'Ivoire,2014,-0.865504124
CMR,Cameroon,2014,-0.821604686
COD,Democratic Republic of the Congo,2014,-1.556849168
COG,Republic of the Congo,2014,-1.288310126
DZA,Algeria,2014,-1.236344927
EGY,Egypt,2014,-0.058093515
ETH,Ethiopia,2014,-0.893993999
GAB,Gabon,2014,-2.005387712
GHA,Ghana,2014,-0.950150801
GIN,Guinea,2014,-1.642679658
GMB,Gambia,2014,-0.438515362
GNB,Guinea-Bissau,2014,-1.692532836
GNQ,Equatorial Guinea,2014,-2.474171294
KEN,Kenya,2014,-0.348676839
LBR,Liberia,2014,-0.997484831
LBY,Libya,2014,-1.620430873
LSO,Lesotho,2014,-0.795496891
MAR,Morocco,2014,-0.412733456
MDG,Madagascar,2014,-0.96820214
MLI,Mali,2014,-0.978708794
MOZ,Mozambique,2014,-1.121520355
MRT,Mauritania,2014,-0.948671523
MUS,Mauritius,2014,-0.244011221
MWI,Malawi,2014,-0.555426839
NAM,Namibia,2014,-0.271860214
NER,Niger,2014,-0.896351174
NGA,Nigeria,2014,-1.332498551
RWA,Rwanda,2014,-0.588328316
SDN,Sudan,2014,-1.339028849
SEN,Senegal,2014,-0.362033483
SLE,Sierra Leone,2014,-0.701419292
SOM,Somalia,2014,-1.146673292
SSD,South Sudan,2014,-3.041060193
SWZ,Eswatini,2014,0.269600432
TCD,Chad,2014,-2.400262947
TGO,Togo,2014,-0.555349451
TUN,Tunisia,2014,0.17928834
TZA,Tanzania,2014,-0.740673144
UGA,Uganda,2014,-0.264260806
ZAF,South Africa,2014,0.459665765
ZMB,Zambia,2014,-0.224980013
ZWE,Zimbabwe,2014,-0.539541647
AFG,Afghanistan,2014,-0.630949805
ARE,United Arab Emirates,2014,0.122626723
ARM,Armenia,2014,0.185122855
AZE,Azerbaijan,2014,-0.434638734
BGD,Bangladesh,2014,-0.937933777
BHR,Bahrain,2014,0.314706059
CHN,China,2014,0.975670146
CYP,Cyprus,2014,0.66994935
GEO,Georgia,2014,0.049561676
HKG,Hong Kong,2014,0.873831169
IDN,Indonesia,2014,-0.057290037
IND,India,2014,0.451297279
IRN,Iran,2014,0.151653984
IRQ,Iraq,2014,-1.554860008
ISR,Israel,2014,1.306398359
JOR,Jordan,2014,0.18720074
JPN,Japan,2014,2.184562657
KAZ,Kazakhstan,2014,-0.048461462
KGZ,Kyrgyzstan,2014,-0.02700813
KHM,Cambodia,2014,-1.00041206
KOR,South Korea,2014,1.775081358
KWT,Kuwait,2014,0.209859174
LAO,Laos,2014,-0.982583355
LBN,Lebanon,2014,0.439950806
LKA,Sri Lanka,2014,-0.451159203
MMR,Burma,2014,-1.350934162
MNG,Mongolia,2014,-0.939967024
MYS,Malaysia,2014,1.120572559
NPL,Nepal,2014,-0.223327494
OMN,Oman,2014,-0.238750414
PAK,Pakistan,2014,-0.530994296
PHL,Philippines,2014,0.497089085
PRK,North Korea,2014,0.179736349
PSE,Palestine,2014,0.252799103
QAT,Qatar,2014,0.035207201
SAU,Saudi Arabia,2014,0.769068918
SGP,Singapore,2014,1.627385706
SYR,Syria,2014,0.113351367
THA,Thailand,2014,0.874780105
TJK,Tajikistan,2014,-0.514776137
TKM,Turkmenistan,2014,-1.144145534
TLS,Timor-Leste,2014,-0.122158061
TUR,Turkey,2014,0.578038626
UZB,Uzbekistan,2014,-0.44720303
VNM,Vietnam,2014,-0.015579844
XXB,Chinese Taipei,2014,1.849381527
YEM,Yemen,2014,-0.89019386
ALB,Albania,2014,-0.341738113
AUT,Austria,2014,1.587298992
BEL,Belgium,2014,1.359115563
BGR,Bulgaria,2014,0.600114706
BIH,Bosnia and Herzegovina,2014,0.65180021
BLR,Belarus,2014,0.994491164
CHE,Switzerland,2014,1.931297026
CZE,Czechia,2014,1.672173762
DEU,Germany,2014,1.897931856
DNK,Denmark,2014,1.108114739
ESP,Spain,2014,0.914128209
EST,Estonia,2014,0.916283784
FIN,Finland,2014,1.593484221
FRA,France,2014,1.446759083
GBR,United Kingdom,2014,1.563327271
GRC,Greece,2014,0.395414851
HRV,Croatia,2014,0.850878244
HUN,Hungary,2014,1.491706859
IRL,Ireland,2014,1.384054426
ITA,Italy,2014,1.390499069
LTU,Lithuania,2014,0.856096855
LVA,Latvia,2014,0.744256174
MDA,Moldova,2014,0.115539501
MKD,North Macedonia,2014,0.027754967
NLD,Netherlands,2014,1.245772602
NOR,Norway,2014,0.913884904
POL,Poland,2014,1.124276315
PRT,Portugal,2014,0.553783013
ROU,Romania,2014,0.882724379
RUS,Russia,2014,0.690134787
SRB,Serbia,2014,0.744696635
SVK,Slovakia,2014,1.352664953
SVN,Slovenia,2014,1.490213711
SWE,Sweden,2014,1.745388293
UKR,Ukraine,2014,0.787095115
CAN,Canada,2014,1.052924952
CRI,Costa Rica,2014,0.348986194
CUB,Cuba,2014,-0.026133294
DOM,Dominican Republic,2014,-0.077659604
GTM,Guatemala,2014,-0.229302711
HND,Honduras,2014,-0.421743702
HTI,Haiti,2014,-1.11886939
JAM,Jamaica,2014,-0.235502899
MEX,Mexico,2014,1.254666927
NIC,Nicaragua,2014,-0.919817882
PAN,Panama,2014,0.427168111
SLV,El Salvador,2014,-0.030528255
TTO,Trinidad and Tobago,2014,-0.306167048
USA,United States,2014,1.618443434
AUS,Australia,2014,-0.016445392
NZL,New Zealand,2014,0.572982354
PNG,Papua New Guinea,2014,-1.546804155
ARG,Argentina,2014,0.530898216
BOL,Bolivia,2014,-0.591861667
BRA,Brazil,2014,0.75624322
CHL,Chile,2014,0.053537272
COL,Colombia,2014,0.311555926
ECU,Ecuador,2014,-0.50209135
PER,Peru,2014,-0.411677704
PRY,Paraguay,2014,-0.404655385
URY,Uruguay,2014,0.245369129
VEN,Venezuela,2014,-0.400005382
AGO,Angola,2013,-1.681064042
BDI,Burundi,2013,-0.319189462
BEN,Benin,2013,-0.956344433
BFA,Burkina Faso,2013,-1.393820977
BWA,Botswana,2013,-0.429017952
CAF,Central African Republic,2013,-0.16005365
CIV,Cote d'Ivoire,2013,-1.038966136
CMR,Cameroon,2013,-0.83732117
COD,Democratic Republic of the Congo,2013,-1.138732235
COG,Republic of the Congo,2013,-1.431098118
DZA,Algeria,2013,-1.196689657
EGY,Egypt,2013,-0.133551553
ETH,Ethiopia,2013,-1.039178787
GAB,Gabon,2013,-1.972044127
GHA,Ghana,2013,-0.818931274
GIN,Guinea,2013,-1.646742293
GMB,Gambia,2013,-0.482626817
GNB,Guinea-Bissau,2013,-1.355420875
GNQ,Equatorial Guinea,2013,-2.288477716
KEN,Kenya,2013,-0.402887213
LBR,Liberia,2013,-0.514635346
LBY,Libya,2013,-1.067499486
LSO,Lesotho,2013,-1.012947105
MAR,Morocco,2013,-0.482864394
MDG,Madagascar,2013,-0.940981788
MLI,Mali,2013,-0.802355378
MOZ,Mozambique,2013,-1.028637176
MRT,Mauritania,2013,-1.135909466
MUS,Mauritius,2013,-0.344962733
MWI,Malawi,2013,-0.823645254
NAM,Namibia,2013,-0.44416778
NER,Niger,2013,-0.935809982
NGA,Nigeria,2013,-1.35983581
RWA,Rwanda,2013,-0.536256454
SDN,Sudan,2013,-1.479071978
SEN,Senegal,2013,-0.42121563
SLE,Sierra Leone,2013,-0.300216982
SOM,Somalia,2013,-0.891114153
SSD,South Sudan,2013,-2.197148999
SWZ,Eswatini,2013,0.245262108
TCD,Chad,2013,-2.785735894
TGO,Togo,2013,-0.696947328
TUN,Tunisia,2013,0.146760436
TZA,Tanzania,2013,-0.715685651
UGA,Uganda,2013,-0.407262294
ZAF,South Africa,2013,0.409297494
ZMB,Zambia,2013,-0.210015245
ZWE,Zimbabwe,2013,-0.657928701
AFG,Afghanistan,2013,-0.615340641
ARE,United Arab Emirates,2013,0.098037435
ARM,Armenia,2013,0.215476864
AZE,Azerbaijan,2013,-0.282265472
BGD,Bangladesh,2013,-1.052001357
BHR,Bahrain,2013,0.437538926
CHN,China,2013,0.975381837
CYP,Cyprus,2013,0.767687675
GEO,Georgia,2013,0.187919606
HKG,Hong Kong,2013,0.924665197
IDN,Indonesia,2013,-0.117730594
IND,India,2013,0.430111561
IRN,Iran,2013,0.052162601
IRQ,Iraq,2013,-1.264069729
ISR,Israel,2013,1.308730445
JOR,Jordan,2013,0.185816497
JPN,Japan,2013,2.245999424
KAZ,Kazakhstan,2013,-0.028351356
KGZ,Kyrgyzstan,2013,-0.070356744
KHM,Cambodia,2013,-1.141310967
KOR,South Korea,2013,1.767249306
KWT,Kuwait,2013,0.312445954
LAO,Laos,2013,-1.031728905
LBN,Lebanon,2013,0.38604113
LKA,Sri Lanka,2013,-0.588308895
MMR,Burma,2013,-1.308487359
MNG,Mongolia,2013,-0.826022047
MYS,Malaysia,2013,1.150975187
NPL,Nepal,2013,-0.247549252
OMN,Oman,2013,-0.249328823
PAK,Pakistan,2013,-0.618473201
PHL,Philippines,2013,0.501489054
PRK,North Korea,2013,0.241676604
PSE,Palestine,2013,0.218501849
QAT,Qatar,2013,0.084594948
SAU,Saudi Arabia,2013,0.871801871
SGP,Singapore,2013,1.675325642
SYR,Syria,2013,-0.220264305
THA,Thailand,2013,0.834303837
TJK,Tajikistan,2013,-0.647770071
TKM,Turkmenistan,2013,-1.305624405
TLS,Timor-Leste,2013,-0.561859641
TUR,Turkey,2013,0.551205275
UZB,Uzbekistan,2013,-0.562556163
VNM,Vietnam,2013,-0.051666176
XXB,Chinese Taipei,2013,1.903023633
YEM,Yemen,2013,-0.905858496
ALB,Albania,2013,-0.402719378
AUT,Austria,2013,1.63447249
BEL,Belgium,2013,1.38953203
BGR,Bulgaria,2013,0.555946159
BIH,Bosnia and Herzegovina,2013,0.63362818
BLR,Belarus,2013,1.044544789
CHE,Switzerland,2013,2.01053107
CZE,Czechia,2013,1.712241365
DEU,Germany,2013,1.951330453
DNK,Denmark,2013,1.143464116
ESP,Spain,2013,0.958424559
EST,Estonia,2013,0.919431582
FIN,Finland,2013,1.61492231
FRA,France,2013,1.497823699
GBR,United Kingdom,2013,1.608678273
GRC,Greece,2013,0.378632658
HRV,Croatia,2013,0.872620156
HUN,Hungary,2013,1.483399461
IRL,Ireland,2013,1.424448617
ITA,Italy,2013,1.403003828
LTU,Lithuania,2013,0.825225522
LVA,Latvia,2013,0.769506077
MDA,Moldova,2013,0.140410467
MKD,North Macedonia,2013,0.025721689
NLD,Netherlands,2013,1.287514348
NOR,Norway,2013,0.980186463
POL,Poland,2013,1.151807111
PRT,Portugal,2013,0.523029045
ROU,Romania,2013,0.856593354
RUS,Russia,2013,0.848016186
SRB,Serbia,2013,0.761104035
SVK,Slovakia,2013,1.392438048
SVN,Slovenia,2013,1.528505326
SWE,Sweden,2013,1.786351528
UKR,Ukraine,2013,0.824827752
CAN,Canada,2013,1.032665802
CRI,Costa Rica,2013,0.212387373
CUB,Cuba,2013,0.099140188
DOM,Dominican Republic,2013,-0.113004314
GTM,Guatemala,2013,-0.341964616
HND,Honduras,2013,-0.524426843
HTI,Haiti,2013,-1.205654364
JAM,Jamaica,2013,-0.229658018
MEX,Mexico,2013,1.258877524
NIC,Nicaragua,2013,-0.960380093
PAN,Panama,2013,0.511422585
SLV,El Salvador,2013,-0.114354687
TTO,Trinidad and Tobago,2013,-0.133849871
USA,United States,2013,1.642830663
AUS,Australia,2013,0.040335532
NZL,New Zealand,2013,0.633454339
PNG,Papua New Guinea,2013,-1.499602743
ARG,Argentina,2013,0.523546522
BOL,Bolivia,2013,-0.567909999
BRA,Brazil,2013,0.836811274
CHL,Chile,2013,0.098120086
COL,Colombia,2013,0.191419905
ECU,Ecuador,2013,-0.44375699
PER,Peru,2013,-0.48328949
PRY,Paraguay,2013,-0.472446912
URY,Uruguay,2013,0.270574217
VEN,Venezuela,2013,-0.314428735
AGO,Angola,2012,-1.80302579
BDI,Burundi,2012,-0.309615919
BEN,Benin,2012,-1.05824939
BFA,Burkina Faso,2012,-1.380175607
BWA,Botswana,2012,-0.284198908
CAF,Central African Republic,2012,-0.115317662
CIV,Cote d'Ivoire,2012,-1.100289963
CMR,Cameroon,2012,-0.967048703
COD,Democratic Republic of the Congo,2012,-1.209535198
COG,Republic of the Congo,2012,-1.231011099
DZA,Algeria,2012,-1.159875758
EGY,Egypt,2012,-0.249759788
ETH,Ethiopia,2012,-1.081305881
GAB,Gabon,2012,-1.860354502
GHA,Ghana,2012,-0.929178696
GIN,Guinea,2012,-1.834155137
GMB,Gambia,2012,-0.560493742
GNB,Guinea-Bissau,2012,-1.421142161
GNQ,Equatorial Guinea,2012,-2.084439064
KEN,Kenya,2012,-0.461298706
LBR,Liberia,2012,-0.740423592
LBY,Libya,2012,-0.067761699
LSO,Lesotho,2012,-0.989376062
MAR,Morocco,2012,-0.544238474
MDG,Madagascar,2012,-0.874468229
MLI,Mali,2012,-0.845550688
MOZ,Mozambique,2012,-1.230713107
MRT,Mauritania,2012,-1.122445012
MUS,Mauritius,2012,-0.37407567
MWI,Malawi,2012,-0.890756807
NAM,Namibia,2012,-0.452877855
NER,Niger,2012,-0.60687781
NGA,Nigeria,2012,-1.543924713
RWA,Rwanda,2012,-0.461034751
SDN,Sudan,2012,-1.673034814
SEN,Senegal,2012,-0.515762979
SLE,Sierra Leone,2012,-0.072966296
SOM,Somalia,2012,-0.932113815
SSD,South Sudan,2012,-1.996779772
SWZ,Eswatini,2012,0.145903504
TCD,Chad,2012,-0.87910239
TGO,Togo,2012,-0.861294266
TUN,Tunisia,2012,0.079583926
TZA,Tanzania,2012,-0.7597827
UGA,Uganda,2012,-0.54970182
ZAF,South Africa,2012,0.374888368
ZMB,Zambia,2012,-0.458276737
ZWE,Zimbabwe,2012,-0.698761951
AFG,Afghanistan,2012,-0.055950252
ARE,United Arab Emirates,2012,0.051042992
ARM,Armenia,2012,0.321074722
AZE,Azerbaijan,2012,-0.15716968
BGD,Bangladesh,2012,-1.115998367
BHR,Bahrain,2012,0.385560137
CHN,China,2012,0.956804113
CYP,Cyprus,2012,0.86225157
GEO,Georgia,2012,0.216632597
HKG,Hong Kong,2012,0.922578089
IDN,Indonesia,2012,-0.173923884
IND,India,2012,0.409151881
IRN,Iran,2012,0.022102522
IRQ,Iraq,2012,-1.517283248
ISR,Israel,2012,1.374661501
JOR,Jordan,2012,0.115234797
JPN,Japan,2012,2.372373898
KAZ,Kazakhstan,2012,-0.11139862
KGZ,Kyrgyzstan,2012,-0.166999797
KHM,Cambodia,2012,-1.342830621
KOR,South Korea,2012,1.805072991
KWT,Kuwait,2012,0.21415591
LAO,Laos,2012,-1.239213465
LBN,Lebanon,2012,0.391887781
LKA,Sri Lanka,2012,-0.651698547
MMR,Burma,2012,-1.452181108
MNG,Mongolia,2012,-0.762319982
MYS,Malaysia,2012,1.132878365
NPL,Nepal,2012,-0.266152661
OMN,Oman,2012,-0.366556223
PAK,Pakistan,2012,-0.660327916
PHL,Philippines,2012,0.485950706
PRK,North Korea,2012,0.454606473
PSE,Palestine,2012,0.182887553
QAT,Qatar,2012,-0.016417119
SAU,Saudi Arabia,2012,0.77909374
SGP,Singapore,2012,1.768168678
SYR,Syria,2012,-0.228348512
THA,Thailand,2012,0.77279878
TJK,Tajikistan,2012,-0.74467332
TKM,Turkmenistan,2012,-1.198238607
TLS,Timor-Leste,2012,-0.332847342
TUR,Turkey,2012,0.499180403
UZB,Uzbekistan,2012,-0.498602221
VNM,Vietnam,2012,-0.072608787
XXB,Chinese Taipei,2012,1.953957729
YEM,Yemen,2012,-1.076688673
ALB,Albania,2012,-0.426036432
AUT,Austria,2012,1.68174542
BEL,Belgium,2012,1.456250526
BGR,Bulgaria,2012,0.556352749
BIH,Bosnia and Herzegovina,2012,0.627483981
BLR,Belarus,2012,1.040214211
CHE,Switzerland,2012,2.03113067
CZE,Czechia,2012,1.754872178
DEU,Germany,2012,2.023046428
DNK,Denmark,2012,1.170244229
ESP,Spain,2012,0.966608544
EST,Estonia,2012,0.897834328
FIN,Finland,2012,1.663377277
FRA,France,2012,1.540505973
GBR,United Kingdom,2012,1.677240456
GRC,Greece,2012,0.363034746
HRV,Croatia,2012,0.843207461
HUN,Hungary,2012,1.52022765
IRL,Ireland,2012,1.468908632
ITA,Italy,2012,1.444164324
LTU,Lithuania,2012,0.78066238
LVA,Latvia,2012,0.788325368
MDA,Moldova,2012,0.032997979
MKD,North Macedonia,2012,-0.088828458
NLD,Netherlands,2012,1.314703448
NOR,Norway,2012,0.964664784
POL,Poland,2012,1.168185582
PRT,Portugal,2012,0.504213577
ROU,Romania,2012,0.827187495
RUS,Russia,2012,0.826314089
SRB,Serbia,2012,0.694533326
SVK,Slovakia,2012,1.379454894
SVN,Slovenia,2012,1.55660523
SWE,Sweden,2012,1.835776885
UKR,Ukraine,2012,0.787887313
CAN,Canada,2012,1.058118546
CRI,Costa Rica,2012,0.135818484
CUB,Cuba,2012,-0.030846778
DOM,Dominican Republic,2012,-0.123778476
GTM,Guatemala,2012,-0.349583311
HND,Honduras,2012,-0.622815695
HTI,Haiti,2012,-1.384838413
JAM,Jamaica,2012,-0.119162527
MEX,Mexico,2012,1.279270866
NIC,Nicaragua,2012,-1.070075278
PAN,Panama,2012,0.444078317
SLV,El Salvador,2012,-0.176584891
TTO,Trinidad and Tobago,2012,-0.231077556
USA,United States,2012,1.709508424
AUS,Australia,2012,0.001534725
NZL,New Zealand,2012,0.60899722
PNG,Papua New Guinea,2012,-1.697428148
ARG,Argentina,2012,0.473205829
BOL,Bolivia,2012,-0.611166279
BRA,Brazil,2012,0.799638832
CHL,Chile,2012,0.080559209
COL,Colombia,2012,0.171977766
ECU,Ecuador,2012,-0.438055765
PER,Peru,2012,-0.528783738
PRY,Paraguay,2012,-0.658030098
URY,Uruguay,2012,0.202119731
VEN,Venezuela,2012,-0.19517933
AGO,Angola,2011,-1.722837833
BDI,Burundi,2011,-0.402430932
BEN,Benin,2011,-0.937902821
BFA,Burkina Faso,2011,-1.410640009
BWA,Botswana,2011,-0.144821804
CAF,Central African Republic,2011,-0.041864868
CIV,Cote d'Ivoire,2011,-1.073531551
CMR,Cameroon,2011,-0.931731201
COD,Democratic Republic of the Congo,2011,-1.020359697
COG,Republic of the Congo,2011,-1.388560981
DZA,Algeria,2011,-0.717037995
EGY,Egypt,2011,-0.301780363
ETH,Ethiopia,2011,-0.923419329
GAB,Gabon,2011,-1.73043376
GHA,Ghana,2011,-1.03141322
GIN,Guinea,2011,-1.812532821
GMB,Gambia,2011,-0.47080904
GNB,Guinea-Bissau,2011,-1.274724628
GNQ,Equatorial Guinea,2011,
KEN,Kenya,2011,-0.521873642
LBR,Liberia,2011,-0.666610916
LBY,Libya,2011,0.010707703
LSO,Lesotho,2011,-1.366917895
MAR,Morocco,2011,-0.657252217
MDG,Madagascar,2011,-1.030924373
MLI,Mali,2011,-0.822449695
MOZ,Mozambique,2011,-1.149735366
MRT,Mauritania,2011,-1.210066748
MUS,Mauritius,2011,-0.553820997
MWI,Malawi,2011,-1.007193826
NAM,Namibia,2011,-0.565572726
NER,Niger,2011,-0.371774287
NGA,Nigeria,2011,-1.728349319
RWA,Rwanda,2011,-0.224840474
SDN,Sudan,2011,-2.195716992
SEN,Senegal,2011,-0.50816889
SLE,Sierra Leone,2011,0.160301554
SOM,Somalia,2011,-0.966122898
SSD,South Sudan,2011,
SWZ,Eswatini,2011,0.023198936
TCD,Chad,2011,-0.05225448
TGO,Togo,2011,-0.759304104
TUN,Tunisia,2011,-0.001412263
TZA,Tanzania,2011,-0.835730241
UGA,Uganda,2011,-0.620249827
ZAF,South Africa,2011,0.408461379
ZMB,Zambia,2011,-0.644824717
ZWE,Zimbabwe,2011,-0.68500674
AFG,Afghanistan,2011,0.598541657
ARE,United Arab Emirates,2011,0.07989776
ARM,Armenia,2011,0.191114645
AZE,Azerbaijan,2011,-0.359922928
BGD,Bangladesh,2011,-1.341953994
BHR,Bahrain,2011,0.235321718
CHN,China,2011,0.840332596
CYP,Cyprus,2011,0.916908001
GEO,Georgia,2011,0.064631831
HKG,Hong Kong,2011,0.812585037
IDN,Indonesia,2011,-0.267733307
IND,India,2011,0.309187213
IRN,Iran,2011,-0.02630075
IRQ,Iraq,2011,-1.548726682
ISR,Israel,2011,1.351008668
JOR,Jordan,2011,0.037574317
JPN,Japan,2011,2.385816562
KAZ,Kazakhstan,2011,-0.236158907
KGZ,Kyrgyzstan,2011,-0.321261592
KHM,Cambodia,2011,-1.59694443
KOR,South Korea,2011,1.745492932
KWT,Kuwait,2011,0.261091353
LAO,Laos,2011,-1.365237783
LBN,Lebanon,2011,0.377822638
LKA,Sri Lanka,2011,-0.79518396
MMR,Burma,2011,-1.705093663
MNG,Mongolia,2011,-1.015528873
MYS,Malaysia,2011,1.073683208
NPL,Nepal,2011,-0.368916826
OMN,Oman,2011,-0.453539114
PAK,Pakistan,2011,-0.763709847
PHL,Philippines,2011,0.410588737
PRK,North Korea,2011,0.571766014
PSE,Palestine,2011,0.141988544
QAT,Qatar,2011,0.25382122
SAU,Saudi Arabia,2011,0.663233156
SGP,Singapore,2011,1.745212442
SYR,Syria,2011,-0.329644609
THA,Thailand,2011,0.708077766
TJK,Tajikistan,2011,-0.82508764
TKM,Turkmenistan,2011,-0.966215452
TLS,Timor-Leste,2011,0.253942101
TUR,Turkey,2011,0.393964884
UZB,Uzbekistan,2011,-0.656504456
VNM,Vietnam,2011,-0.243901344
XXB,Chinese Taipei,2011,1.889629654
YEM,Yemen,2011,-0.952984907
ALB,Albania,2011,0.028127391
AUT,Austria,2011,1.702666976
BEL,Belgium,2011,1.490895384
BGR,Bulgaria,2011,0.452799967
BIH,Bosnia and Herzegovina,2011,0.574823217
BLR,Belarus,2011,1.011860456
CHE,Switzerland,2011,2.02605325
CZE,Czechia,2011,1.773894893
DEU,Germany,2011,2.043234146
DNK,Denmark,2011,1.14125759
ESP,Spain,2011,0.94555571
EST,Estonia,2011,0.8847954
FIN,Finland,2011,1.766174038
FRA,France,2011,1.556706544
GBR,United Kingdom,2011,1.712913131
GRC,Greece,2011,0.28597741
HRV,Croatia,2011,0.716734834
HUN,Hungary,2011,1.509554516
IRL,Ireland,2011,1.52436449
ITA,Italy,2011,1.43324942
LTU,Lithuania,2011,0.635687597
LVA,Latvia,2011,0.739265188
MDA,Moldova,2011,-0.1511762
MKD,North Macedonia,2011,-0.181298968
NLD,Netherlands,2011,1.294125832
NOR,Norway,2011,1.07678497
POL,Poland,2011,1.154464811
PRT,Portugal,2011,0.422750649
ROU,Romania,2011,0.794905687
RUS,Russia,2011,0.903465822
SRB,Serbia,2011,0.649870998
SVK,Slovakia,2011,1.395407268
SVN,Slovenia,2011,1.588403002
SWE,Sweden,2011,1.867333695
UKR,Ukraine,2011,0.821231045
CAN,Canada,2011,1.104165513
CRI,Costa Rica,2011,0.020174708
CUB,Cuba,2011,-0.142260002
DOM,Dominican Republic,2011,-0.167938472
GTM,Guatemala,2011,-0.514915804
HND,Honduras,2011,-0.828710116
HTI,Haiti,2011,-1.63538811
JAM,Jamaica,2011,-0.149419881
MEX,Mexico,2011,1.24605164
NIC,Nicaragua,2011,-1.156742725
PAN,Panama,2011,0.261859194
SLV,El Salvador,2011,-0.370793782
TTO,Trinidad and Tobago,2011,-0.155470603
USA,United States,2011,1.730339547
AUS,Australia,2011,-0.124430965
NZL,New Zealand,2011,0.545009078
PNG,Papua New Guinea,2011,-1.756695561
ARG,Argentina,2011,0.422409408
BOL,Bolivia,2011,-1.013381596
BRA,Brazil,2011,0.826427844
CHL,Chile,2011,-0.087127339
COL,Colombia,2011,0.091990615
ECU,Ecuador,2011,-0.601299524
PER,Peru,2011,-0.754332001
PRY,Paraguay,2011,-0.788086115
URY,Uruguay,2011,0.159172679
VEN,Venezuela,2011,-0.045814466
AGO,Angola,2010,-1.658773552
BDI,Burundi,2010,-0.292339117
BEN,Benin,2010,-0.880279264
BFA,Burkina Faso,2010,-1.259510312
BWA,Botswana,2010,-0.184003725
CAF,Central African Republic,2010,-0.174875347
CIV,Cote d'Ivoire,2010,-1.160998201
CMR,Cameroon,2010,-1.079684706
COD,Democratic Republic of the Congo,2010,-1.570680721
COG,Republic of the Congo,2010,-1.3480751
DZA,Algeria,2010,-0.674656765
EGY,Egypt,2010,-0.220694414
ETH,Ethiopia,2010,-0.805299308
GAB,Gabon,2010,-1.946758938
GHA,Ghana,2010,-1.259292666
GIN,Guinea,2010,-1.919043357
GMB,Gambia,2010,-0.46240295
GNB,Guinea-Bissau,2010,-1.418044943
GNQ,Equatorial Guinea,2010,
KEN,Kenya,2010,-0.438801269
LBR,Liberia,2010,-1.062513367
LBY,Libya,2010,-0.278168313
LSO,Lesotho,2010,-1.118245301
MAR,Morocco,2010,-0.591848791
MDG,Madagascar,2010,-1.075432552
MLI,Mali,2010,-0.850431023
MOZ,Mozambique,2010,-1.212061236
MRT,Mauritania,2010,-1.536788759
MUS,Mauritius,2010,-0.560530841
MWI,Malawi,2010,-1.243008597
NAM,Namibia,2010,-0.428430581
NER,Niger,2010,-0.465201659
NGA,Nigeria,2010,-1.66381428
RWA,Rwanda,2010,-0.154604673
SDN,Sudan,2010,-2.192965907
SEN,Senegal,2010,-0.481114495
SLE,Sierra Leone,2010,0.246877941
SOM,Somalia,2010,-0.547510061
SSD,South Sudan,2010,
SWZ,Eswatini,2010,0.176610691
TCD,Chad,2010,0.043446444
TGO,Togo,2010,-0.811926497
TUN,Tunisia,2010,-0.005999095
TZA,Tanzania,2010,-0.851367751
UGA,Uganda,2010,-0.591344303
ZAF,South Africa,2010,0.395207562
ZMB,Zambia,2010,-0.57476706
ZWE,Zimbabwe,2010,-0.430740304
AFG,Afghanistan,2010,0.645578415
ARE,United Arab Emirates,2010,-0.136761709
ARM,Armenia,2010,0.25763731
AZE,Azerbaijan,2010,-0.524736978
BGD,Bangladesh,2010,-1.227262951
BHR,Bahrain,2010,0.344329957
CHN,China,2010,0.785795834
CYP,Cyprus,2010,0.947856179
GEO,Georgia,2010,0.060471092
HKG,Hong Kong,2010,0.719931806
IDN,Indonesia,2010,-0.190373878
IND,India,2010,0.348232137
IRN,Iran,2010,-0.015670295
IRQ,Iraq,2010,-1.561890134
ISR,Israel,2010,1.321507978
JOR,Jordan,2010,0.054747061
JPN,Japan,2010,2.268478929
KAZ,Kazakhstan,2010,-0.287996492
KGZ,Kyrgyzstan,2010,-0.170371978
KHM,Cambodia,2010,-1.453739484
KOR,South Korea,2010,1.664500306
KWT,Kuwait,2010,0.314273192
LAO,Laos,2010,-1.254660463
LBN,Lebanon,2010,0.407299302
LKA,Sri Lanka,2010,-0.725317764
MMR,Burma,2010,-1.651787209
MNG,Mongolia,2010,-0.802264863
MYS,Malaysia,2010,1.000716062
NPL,Nepal,2010,-0.277111246
OMN,Oman,2010,-0.517396386
PAK,Pakistan,2010,-0.72593682
PHL,Philippines,2010,0.374065457
PRK,North Korea,2010,0.730853337
PSE,Palestine,2010,0.226417959
QAT,Qatar,2010,0.191224233
SAU,Saudi Arabia,2010,0.563895152
SGP,Singapore,2010,1.631498659
SYR,Syria,2010,-0.316453754
THA,Thailand,2010,0.640972929
TJK,Tajikistan,2010,-0.758847589
TKM,Turkmenistan,2010,-1.017848048
TLS,Timor-Leste,2010,0.346397229
TUR,Turkey,2010,0.412357894
UZB,Uzbekistan,2010,-0.682359911
VNM,Vietnam,2010,-0.292739967
XXB,Chinese Taipei,2010,1.763450216
YEM,Yemen,2010,-0.983087681
ALB,Albania,2010,0.281392014
AUT,Austria,2010,1.658667798
BEL,Belgium,2010,1.480318335
BGR,Bulgaria,2010,0.480992357
BIH,Bosnia and Herzegovina,2010,0.540601175
BLR,Belarus,2010,0.997710123
CHE,Switzerland,2010,1.92786905
CZE,Czechia,2010,1.710514622
DEU,Germany,2010,2.00948055
DNK,Denmark,2010,1.157793354
ESP,Spain,2010,0.973118288
EST,Estonia,2010,0.804049916
FIN,Finland,2010,1.719350505
FRA,France,2010,1.540700105
GBR,United Kingdom,2010,1.727464005
GRC,Greece,2010,0.302364976
HRV,Croatia,2010,0.768228792
HUN,Hungary,2010,1.507761768
IRL,Ireland,2010,1.546756796
ITA,Italy,2010,1.378397006
LTU,Lithuania,2010,0.627892004
LVA,Latvia,2010,0.699404857
MDA,Moldova,2010,-0.03769927
MKD,North Macedonia,2010,-0.087568908
NLD,Netherlands,2010,1.300010462
NOR,Norway,2010,1.140505024
POL,Poland,2010,1.1817256
PRT,Portugal,2010,0.459973956
ROU,Romania,2010,0.845404349
RUS,Russia,2010,1.041220422
SRB,Serbia,2010,0.708731475
SVK,Slovakia,2010,1.371328373
SVN,Slovenia,2010,1.552110723
SWE,Sweden,2010,1.82838059
UKR,Ukraine,2010,0.830352732
CAN,Canada,2010,1.093921698
CRI,Costa Rica,2010,0.023151229
CUB,Cuba,2010,-0.040022392
DOM,Dominican Republic,2010,-0.135780951
GTM,Guatemala,2010,-0.475786192
HND,Honduras,2010,-0.752311575
HTI,Haiti,2010,-1.438063564
JAM,Jamaica,2010,-0.282310754
MEX,Mexico,2010,1.183473565
NIC,Nicaragua,2010,-1.100288348
PAN,Panama,2010,0.180762733
SLV,El Salvador,2010,-0.316916909
TTO,Trinidad and Tobago,2010,-0.224861178
USA,United States,2010,1.695605725
AUS,Australia,2010,-0.015430702
NZL,New Zealand,2010,0.524827326
PNG,Papua New Guinea,2010,-2.260294195
ARG,Argentina,2010,0.468393314
BOL,Bolivia,2010,-0.993302823
BRA,Brazil,2010,0.831955199
CHL,Chile,2010,-0.078494905
COL,Colombia,2010,0.055092499
ECU,Ecuador,2010,-0.642586261
PER,Peru,2010,-0.718867131
PRY,Paraguay,2010,-0.787195206
URY,Uruguay,2010,0.183171319
VEN,Venezuela,2010,0.219868989
